Feature Name,Description,Table
re20s__tu,Months since oldest revolving trade opened,TransUnion
strdealershiptrackertype__app,"Franchise, Independent",Application
bc97b__tu,Total open to buy of closed credit cards verified in past 3 months,TransUnion
fltgrossmonthly__income_sum,Total income,Income
linka017__tu,Number of checking account closures for cause in the last 5 years,TransUnion
bkc321__tu,Min Total Open-to-Buy for Bankcard accounts over the past 3 months,TransUnion
rev205__tu,Total Payment Ratio for Revolving accounts over the past 24 months,TransUnion
dealerstate__app,Dealer State,Application
at57s__tu,Total past due amount of open trades verified in past 12 months,TransUnion
linka014__tu,Number of unpaid checking account closures for cause in the last 5 years,TransUnion
vehiclemake__app,Vehicle make,Application
evictioncount__ln,Total eviction records on subject's file indicating the plaintiff has sought an eviction and does not necessarily mean the defendant has vacated the premises,LexisNexis
linka004__tu,Number of bank account closures identified as fraudulent,TransUnion
bankruptcycount24month__ln,Total unique bankruptcy case filings on file showing the subject as debtor in the last 24 months,LexisNexis
g980s__tu,Number of deduped inquiries in past 6 months,TransUnion
sourcenonderogcount__ln,Total non-derogatory source types on file for subject,LexisNexis
g020s__tu,Number of trades with maximum delinquency of 30 days past due in past 24 months,TransUnion
linkt008__tu,Number of public record bankruptcies in the last 24 months,TransUnion
linka012__tu,Number of unpaid checking account closures for cause in the last 2 years,TransUnion
fc04s__tu,Months since most recent foreclosure trade reported,TransUnion
g302s__tu,Worst rating on revolving trades in past 12 months,TransUnion
addrinputavmvalue12month__ln,Indicates input address AVM value on file 12 months ago,LexisNexis
ENG-loan_to_value,Loan to value,Multiple
strname__app,State,Application
cv26__tu,Percent of trades from active to inactive status in the past 12 months,TransUnion
g241s__tu,Number of mortgage inquiries in past 6 months,TransUnion
fltapproveddowntotal__app,Total down,Application
jt20s__tu,Months since oldest joint trade opened,TransUnion
ret225__tu,Average total Payment Ratio for Retail accounts over the past 24 months,TransUnion
linka015__tu,Number of checking account closures for cause in the last 6 months,TransUnion
rev224__tu,Average total Payment Ratio for Revolving accounts over the past 12 months,TransUnion
evictioncount12month__ln,Total eviction records on subject's file in the last 12 months,LexisNexis
fltdowncash__app,Cash Down,Application
s208s__tu,Number of tax liens,TransUnion
au51a__tu,Terms in months of most recent auto trade,TransUnion
criminalnonfelonycount__ln,Total non-felony criminal convictions or sexual offender registry records on subject's file,LexisNexis
ENG-vehicle_age,Age of vehicle (years),Multiple
us57s__tu,Total past due amount of open unsecured installment trades verified in past 12 months,TransUnion
rt20s__tu,Months since oldest retail trade opened,TransUnion
g206s__tu,Total monthly obligation for joint account verified in past 12 months,TransUnion
ret255__tu,Average Aggregate Excess Payment for Retail accounts over the past 24 months,TransUnion
fltadvance__app,Advance,Application
g051s__tu,Percentage of trades ever delinquent,TransUnion
g990s__tu,Number of deduped inquiries in past 12 months,TransUnion
criminalnonfelonytimenewest__ln,"Time (in months) since most recently recorded non-felony criminal conviction on subject's file
NOTE: This attribute does not include sexual offender registry records",LexisNexis
fi20s__tu,Months since oldest finance installment trade opened,TransUnion
bkc84__tu,Months since a Bankcard trade last exceeded 90% utilization,TransUnion
g303s__tu,Worst rating on revolving trades,TransUnion
linka021__tu,"Number of credit inquiries in the last year.  
These include credit issuance (credit card, secured card, line of credit, revolving credit, and other credit account originations) , auto, payday, utility, and other credit (installment loan, secured loan, short-term installment loan, insurance, and other non-classified credit)",TransUnion
fr20s__tu,Months since oldest finance revolving trade opened,TransUnion
trv10__tu,Number of months non-mortgage balance decreases last 12 months,TransUnion
bitdebtor__app,Debtor or Codebtor,Application
paymnt11__tu,Number of payments in last 12 months,TransUnion
inquirybanking12month__ln,Indicates subject has one or more LexisNexis banking credit inquiries on file in the last 12 months,LexisNexis
s207s__tu,Months since most recent public record bankruptcy,TransUnion
rev225__tu,Average total Payment Ratio for Revolving accounts over the past 24 months,TransUnion
subjectactivityindex06month__ln,A risk index summarizing derogatory and non-derogatory source activity for the subject as reported on file within the past six months,LexisNexis
fi36s__tu,Months since most recent finance installment delinquency,TransUnion
addronfilecount__ln,Total number of addresses found on file in subject's address history,LexisNexis
at103s__tu,Percentage of satisfactory open trades to all open trades verified in 24 months,TransUnion
derogseverityindex__ln,Index indicating severity of derogatory records on subject's file,LexisNexis
au01s__tu,Number of auto trades,TransUnion
balmag01__tu,Non-mortgage balance magnitude algorithm over last 24 months,TransUnion
linka013__tu,Total dollar amount of unpaid checking account closures for cause in the last 4 years,TransUnion
inquirytelcom12month__ln,Indicates subject has one or more LexisNexis telecommunications credit inquiries on file in the last 12 months,LexisNexis
linka031__tu,Number of open (unpaid) non-sufficient funds in the last 3 years,TransUnion
trv01__tu,Number of months since overlimit on a bankcard,TransUnion
re01s__tu,Number of revolving trades,TransUnion
bankruptcychapter__ln,"Indicates bankruptcy chapter of most recent bankruptcy case filing on file showing the subject as debtor, if the bankruptcy is a Chapter 7 or Chapter 13 bankruptcy",LexisNexis
au21s__tu,Months since most recent auto trade opened,TransUnion
bankruptcystatus__ln,Indicates status of most recent bankruptcy filing on file showing the subject as debtor,LexisNexis
bankruptcytimenewest__ln,Time (in months) since most recent bankruptcy case filing on file showing the subject as debtor,LexisNexis
linka006__tu,"Number of total inquiries in the last 3 years.  
These include checking, credit issuance (credit card, secured card, line of credit, revolving credit, and other credit account originations) , auto, payday, utility, and other credit (installment loan, secured loan, short-term installment loan, insurance, and other non-classified credit)",TransUnion
g106s__tu,Months on file,TransUnion
addrinputtimenewest__ln,Time on file (in months) since the subject was most recently reported at the input address,LexisNexis
rvdex01__tu,Annual year-over-year revolving spend index,TransUnion
g403s__tu,Number of deduped mortgage inquiries,TransUnion
at28b__tu,Total credit line of open trades verified in past 12 months (excluding mortgage and home equity),TransUnion
addrlastmovetaxratiodiff__ln,"Ratio comparing the difference in tax assessed value between the current address and the previous address (current address value divided by the previous address value if both are known) on subject's file, if the move occurred within the last five years",LexisNexis
linkf037__tu,Number of inquiries within last 3 months ONLINE LENDER,TransUnion
rev317__tu,Max Total Open-to-Buy for Revolving accounts over the past 6 months,TransUnion
s207a__tu,Months since most recent tradeline bankruptcy,TransUnion
bitgap__app,Gap tag,Application
linkf208__tu,Total Bad ACH amount in last 6 Months,TransUnion
in28s__tu,Total credit line of open installment trades verified in past 12 months,TransUnion
indexq4__tu,Q4 (Oct - Dec) spend indexed to annual spend,TransUnion
in25s__tu,Number of currently open and satisfactory installment trades 12 months or older,TransUnion
jt28s__tu,Total credit line of open joint trade verified in the past 12 months,TransUnion
addrcurrentdwelltype__ln,Current dwelling type,LexisNexis
ret322__tu,Min Total Open-to-Buy for Retail accounts over the past 6 months,TransUnion
paymnt10__tu,Number of payments in last 3 months,TransUnion
g301s__tu,Worst rating on credit card trades,TransUnion
rev319__tu,Max Total Open-to-Buy for Revolving accounts over the past 24 months,TransUnion
agg905__tu,Average aggregate bankcard utilization over last 3 months,TransUnion
linkt002__tu,Number of months at current address,TransUnion
g201a__tu,Total open to buy of open trades verified in past 3 months (excluding installments and mortgages),TransUnion
alertregulatorycondition__ln,"Indicates subject has an alert on their file that is associated with state or federal regulations, consumer identity conditions, or bankruptcies on file",LexisNexis
rp05s__tu,Total balance of repossession trades,TransUnion
subjectactivityindex03month__ln,A risk index summarizing derogatory and non-derogatory source activity for the subject as reported within the past three months,LexisNexis
linka029__tu,Number of checking account inquiries in the last 3 years,TransUnion
bankruptcycount__ln,Number of bankruptcies,LexisNexis
jt01s__tu,Number of joint trades,TransUnion
at27s__tu,Number of currently open and satisfactory trades 24 months or older,TransUnion
g099s__tu,Number of public record bankruptcies in past 24 months,TransUnion
addrinputownershipindex__ln,Index indicating subject's ownership level at the input address based on the address property record on file,LexisNexis
g414s__tu,Number of deduped auto inquiries in past 12 months,TransUnion
linkf151__tu,Number of distinct cell phones within last 3 months,TransUnion
g405s__tu,Number of deduped finance inquiries in past 6 months,TransUnion
at20s__tu,Months since oldest trade opened,TransUnion
bitdealertrack__app,From Dealertrack,Application
agg908__tu,Max aggregate bankcard balance over last 12 months,TransUnion
addrinputdelivery__ln,Indicates the mail delivery status on file for the input address,LexisNexis
linka082__tu,Amount of largest open (unpaid) non-sufficient funds (single check),TransUnion
sourcenonderogcount03month__ln,Total non-derogatory source types on file for subject reported within the last three months,LexisNexis
g095s__tu,Months since most recent public record,TransUnion
linkt007__tu,Months since most recent derogatory public record,TransUnion
g221d__tu,Number of credit card trades verified in the past 12 months that are currently 120 days or more past due,TransUnion
intopenbktype__app,BK Type,Application
au27s__tu,Number of currently open and satisfactory auto trades 24 months or older,TransUnion
std203__tu,Total Payment Ratio for Student Loan accounts over the past 6 months,TransUnion
bc20s__tu,Months since oldest credit card trade opened,TransUnion
bc107s__tu,Number of 30 and 60 days past due ratings on credit card trades,TransUnion
bc36s__tu,Months since most recent credit card delinquency,TransUnion
addrinputmatchindex__ln,Index indicating if the input address matches the current or historical address on file,LexisNexis
jt51s__tu,Months since most recent 30+ days past due on a joint trade,TransUnion
jt40s__tu,Number of joint revolving trades,TransUnion
linkf185__tu,Age of newest inquiry ONLINE LENDER,TransUnion
jt02s__tu,Number of open joint trades,TransUnion
g202b__tu,Total open to buy of closed trades verified in past 12 months (excluding installments and mortgages),TransUnion
all254__tu,Average Aggregate Excess Payment for All accounts over the past 12 months,TransUnion
lm14s__tu,Months since oldest government loan modification on a mortgage trade,TransUnion
ret328__tu,Average Total Open-to-Buy for Retail accounts over the past 24 months,TransUnion
g105s__tu,Months since most recent mortgage inquiry,TransUnion
in09s__tu,Number of installment trades opened in past 24 months,TransUnion
au36s__tu,Months since most recent auto delinquency,TransUnion
au20s__tu,Months since oldest auto trade opened,TransUnion
us01s__tu,Number of unsecured installment trades,TransUnion
addrpreviousdwelltype__ln,Previous dwelling type,LexisNexis
std235__tu,Aggregate Excess Payment for Student Loan accounts over the past 24 months,TransUnion
br20s__tu,Months since oldest bank revolving trade opened,TransUnion
bkc122__tu,Number of months in the past 12 months where percentage of Bankcard trades utilized less than 100% was more than 25%,TransUnion
linkf210__tu,Total Bad ACH events,TransUnion
fr02s__tu,Number of open finance revolving trades,TransUnion
linka005__tu,Average number of checks ordered in the last 3 years,TransUnion
g216s__tu,Number of trades with a delinquency of 90 or more days past due since opening a new trade (within past 24 months),TransUnion
rev201__tu,Total Payment Ratio for Revolving accounts over the past 1 month,TransUnion
per222__tu,Average total Payment Ratio for Personal Loan accounts over the past 3 months,TransUnion
linka047__tu,Number of checking account closures for cause in the last 3 years,TransUnion
bkc326__tu,Average Total Open-to-Buy for Bankcard accounts over the past 6 months,TransUnion
all253__tu,Average Aggregate Excess Payment for All accounts over the past 6 months,TransUnion
ret319__tu,Max Total Open-to-Buy for Retail accounts over the past 24 months,TransUnion
linka046__tu,Number of checking account closures for cause in the last 2 years,TransUnion
cv05__tu,Months since most recent non-medical third party collection occurrence,TransUnion
fr101s__tu,Total balance of all finance revolving trades verified in past 12 months,TransUnion
paymnt05__tu,Total amount of prepayments on installment loans last 12 months,TransUnion
bkc83__tu,Months since a Bankcard trade last exceeded 75% utilization,TransUnion
rev232__tu,Aggregate Excess Payment for Revolving accounts over the past 3 months,TransUnion
rev253__tu,Average Aggregate Excess Payment for Revolving accounts over the past 6 months,TransUnion
of20s__tu,Months since oldest credit union trade opened,TransUnion
jt80s__tu,Number of non-Mortgage and non-Auto joint trades with greater than 75% utilization,TransUnion
rvdexq3__tu,Q3 (Jul - Sep) revolving spend indexed to revolving annual spend,TransUnion
of21s__tu,Months since most recent credit union trade opened,TransUnion
addrcurrentsubjectowned__ln,Subject owns current address,LexisNexis
g208s__tu,Percentage of individual debt,TransUnion
linkf197__tu,Total Good ACH events,TransUnion
linka060__tu,Total amount of open (unpaid) non-sufficient funds in the last month,TransUnion
rev204__tu,Total Payment Ratio for Revolving accounts over the past 12 months,TransUnion
assetpropevercount__ln,Total number of real property ever owned based on real property ownership records on subject's file,LexisNexis
addrinputphoneservice__ln,Indicates if phone service was found on file for the input address,LexisNexis
at35a__tu,Average balance of open trades verified in past 12 months,TransUnion
evictiontimenewest__ln,Time (in months) since most recently recorded eviction on subject's file,LexisNexis
revs905__tu,Months since max. revolving monthly spend over last 12 months,TransUnion
g306s__tu,Worst rating on auto trades in past 12 months,TransUnion
rtdexq1__tu,Q1 (Jan - March) retail spend indexed to annual retail spend,TransUnion
ret84__tu,Months since a Retail trade last exceeded 90% utilization,TransUnion
bi20s__tu,Months since oldest bank installment trade opened,TransUnion
addrpreviouslengthofres__ln,Length of residency in previous residence,LexisNexis
lienjudgmenttimenewest__ln,"Time (in months) since the most recently recorded lien or judgment on subject's file, excluding evictions",LexisNexis
walshr10__tu,Months since most recent wallet share shift > 50% in last 24 months,TransUnion
fi24s__tu,Number of currently open and satisfactory finance installment trades 6 months or older,TransUnion
agg903__tu,Number of aggregate non-mortgage credit line increases over last 3 months,TransUnion
ret205__tu,Total Payment Ratio for Retail accounts over the past 24 months,TransUnion
at25s__tu,Number of currently open and satisfactory trades 12 months or older,TransUnion
rev315__tu,Number of months since Max Total Open-to-Buy for Revolving accounts,TransUnion
g206b__tu,Total monthly obligation for joint account verified in past 12 months and with a current balance > 0  (ATTR14),TransUnion
st25s__tu,Number of currently open and satisfactory student loan trades 12 months or older,TransUnion
businessassociationtimeoldest__ln,Time (in months) since a formal business association with the subject first seen on file,LexisNexis
g218d__tu,Number of credit card trades verified in the past 12 months that are currently 30 days or more past due,TransUnion
aut205__tu,Total Payment Ratio for Auto accounts over the past 24 months,TransUnion
miles_odometer__app,Miles on vehicle,Application
addrinputproblems__ln,Indicates any problems on file associated with the input address,LexisNexis
rp03s__tu,Number of repossession trades in past 24 months,TransUnion
std202__tu,Total Payment Ratio for Student Loan accounts over the past 3 months,TransUnion
g235s__tu,Number of trades opened since most recent delinquency (delinquency search limited to 24 months),TransUnion
au204s__tu,Number of auto trades that are 90 days or more past due ever,TransUnion
g407s__tu,Number of deduped finance inquiries,TransUnion
linkf147__tu,Number of distinct cell phones within last 18 months,TransUnion
g250c__tu,Number of 30 days past due or worse items in the past 24 months (excluding medical collection items),TransUnion
s064b__tu,Total placement amount of non-medical third party collections,TransUnion
linkf111__tu,Number of lenders / locations with inquiries within last 6 months,TransUnion
st32s__tu,Maximum balance owed on open student loan trades verified in past 12 months,TransUnion
trv02__tu,Number of months overlimit on a bankcard over last 12 months,TransUnion
linkf087__tu,Number of inquiries within last 9 months,TransUnion
au207s__tu,Number of auto charged-off trades,TransUnion
cv19__tu,Total balance of trades verified in past 3 months,TransUnion
std201__tu,Total Payment Ratio for Student Loan accounts over the past 1 month,TransUnion
g415s__tu,Number of deduped auto inquiries,TransUnion
mt20s__tu,Months since oldest mortgage trade opened,TransUnion
linkf165__tu,Number of distinct home phones within last 18 months,TransUnion
g099a__tu,Number of tradeline bankruptcies verified in past 24 months,TransUnion
au203s__tu,Number of auto trades that are 60 days or more past due in the past 12 months,TransUnion
aut225__tu,Average total Payment Ratio for Auto accounts over the past 24 months,TransUnion
linkf141__tu,Number of distinct bank accounts within last 2 months,TransUnion
std205__tu,Total Payment Ratio for Student Loan accounts over the past 24 months,TransUnion
linkf110__tu,Number of lenders / locations with inquiries within last 3 months,TransUnion
linka009__tu,Number of days since most recent check order,TransUnion
s204s__tu,Total balance of third party collections verified in past 12 months,TransUnion
mt57s__tu,Total past due amount of open mortgage trades verified in past 12 months,TransUnion
trv18__tu,Number of months bankcard credit limit increases last 12 months,TransUnion
co07s__tu,Total balance of trades that charged-off in the past 24 months,TransUnion
s073b__tu,Number of non-medical third party collections with balance > $100,TransUnion
cv04__tu,Months since most recent third party collection occurrence,TransUnion
ret201__tu,Total Payment Ratio for Retail accounts over the past 1 month,TransUnion
g234s__tu,Number of days with inquiry occurring in past 30 days,TransUnion
cv15__tu,Number of deduped auto inquiries,TransUnion
agg902__tu,Number of aggregate non-mortgage balance decreases over last 3 months,TransUnion
linkf177__tu,Number of distinct zip codes within last 2 monthss,TransUnion
linkf139__tu,Number of distinct bank accounts within last 1 month,TransUnion
linka026__tu,Number of payday inquiries in the last 3 years,TransUnion
g001s__tu,Number of 30 days past due ratings in past 12 months,TransUnion
g209s__tu,Months since most recent charged-off trade opened,TransUnion
fltgrossmonthly__income_count,Total income sources (max = 2),Income
g225s__tu,Total past due amount of currently 90 or more days past due trades,TransUnion
cv21__tu,Total payment amount of trades verified in past 3 months,TransUnion
bkc320__tu,Number of months since Min Total Open-to-Buy for Bankcard accounts,TransUnion
g230s__tu,Number of 60 or more days past due trades (current MOP only) with balance > $0 opened in past 24 months,TransUnion
aut223__tu,Average total Payment Ratio for Auto accounts over the past 6 months,TransUnion
g213a__tu,Highest balance of third party collections verified in 24 months,TransUnion
aut201__tu,Total Payment Ratio for Auto accounts over the past 1 month,TransUnion
rev84__tu,Months since a Revolving trade last exceeded 90% utilization,TransUnion
s004s__tu,Average number of months trades have been on file,TransUnion
s204a__tu,Total balance of non-medical third party collections verified in past 12 months,TransUnion
bc97a__tu,Total open to buy of open credit cards verified in past 3 months,TransUnion
subjectwillingnessindex__ln,Modeled risk index indicating the subject's willingness to fulfill a credit obligation on the basis of recent or historical non-derogatory and derogatory public record activity on file,LexisNexis
g207s__tu,Total monthly obligation for all accounts,TransUnion
g960s__tu,Number of deduped inquiries,TransUnion
g213b__tu,Highest balance of non-medical third party collections verified in 24 months,TransUnion
at21s__tu,Months since most recent trade opened,TransUnion
au202s__tu,Number of auto trades that are 60 days or more past due ever,TransUnion
bkc322__tu,Min Total Open-to-Buy for Bankcard accounts over the past 6 months,TransUnion
at101b__tu,Total balance of all trades verified in past 12 months (excluding mortgage and home equity),TransUnion
au34s__tu,Utilization for open auto trades verified in past 12 months,TransUnion
aggs911__tu,Current Utilization of top-of-wallet bankcard (highest annual spend).,TransUnion
g305s__tu,Worst rating on installment trades,TransUnion
linkf163__tu,Number of distinct email addresses,TransUnion
g304s__tu,Worst rating on installment trades in past 12 months,TransUnion
linka020__tu,"Number of credit inquiries in the last 3 years.  
These include credit issuance (credit card, secured card, line of credit, revolving credit, and other credit account originations) , auto, payday, utility, and other credit (installment loan, secured loan, short-term installment loan, insurance, and other non-classified credit)",TransUnion
fi34s__tu,Utilization for open finance installment trades verified in past 12 months,TransUnion
g002s__tu,Number of 60 days past due ratings in past 12 months,TransUnion
cv14__tu,Number of deduped inquiries,TransUnion
std223__tu,Average total Payment Ratio for Student Loan accounts over the past 6 months,TransUnion
sourcenonderogcount12month__ln,Total non-derogatory source types on file for subject reported within the last 12 months,LexisNexis
assetproppurchasetimeoldest__ln,Time (in months) since earliest recorded real property purchase based on real property ownership records on subject's file,LexisNexis
linkf133__tu,Average balance of open trades (including collection),TransUnion
linkf059__tu,"Number of open, collection or charge-off trade segments STOREFRONT LENDER",TransUnion
rle904__tu,Amount of over-payments on Real-Estate accounts in the past 6 months,TransUnion
rp01s__tu,Number of repossession trades,TransUnion
inquiryshortterm12month__ln,Indicates subject has one or more LexisNexis personal finance credit inquiries on file in the last 12 months (multiple personal finance inquiries within a 24-hour period are counted as one inquiry),LexisNexis
linkf171__tu,Number of distinct home phones within last 9 months,TransUnion
linkf142__tu,Number of distinct bank accounts within last 3 months,TransUnion
linkf144__tu,Number of distinct bank accounts within last 9 months,TransUnion
linkf143__tu,Number of distinct bank accounts within last 6 months,TransUnion
g226s__tu,Number of 60 or more days past due trades (current MOP only) with balance > $0 opened in past 12 months,TransUnion
of34s__tu,Utilization for open credit union trades verified in past 12 months,TransUnion
linkf003__tu,Number of NSF within last 18 months,TransUnion
assetindex__ln,Modeled risk index indicating the type and relative value of real property and personal property associated with the subject,LexisNexis
bkc12__tu,Number of instances where a Bankcard trade was utilized more than 50% in the past 12 months,TransUnion
rev320__tu,Number of months since Min Total Open-to-Buy for Revolving accounts,TransUnion
g406s__tu,Number of deduped finance inquiries in past 12 months,TransUnion
linka066__tu,Total amount of open (unpaid) non-sufficient funds in the last 3 years,TransUnion
linkf061__tu,"Number of closed delinquent, return and collection trade segments within last 12 months STOREFRONT LENDER",TransUnion
linkf204__tu,Total Bad ACH amount in last 3 Months,TransUnion
educationattendance__ln,Indicates subject attended college based on student directory information on file,LexisNexis
assetproppurchasetimenewest__ln,Time (in months) since most recently recorded real property purchase based on real property ownership records on subject's file,LexisNexis
assetpropnewestsaleprice__ln,Subject's most recent real property sale price based on real property ownership records on file,LexisNexis
linkf002__tu,Number of NSF within last 12 months,TransUnion
linka001__tu,Number of checking account inquiries in the last 3 months,TransUnion
trv06__tu,Number of months non-mortgage balance increases last 12 months,TransUnion
fi101s__tu,Total balance of all finance installment trades verified in past 12 months,TransUnion
linkf084__tu,Number of inquiries within last 2 months,TransUnion
cv02__tu,Months since most recent foreclosure occurrence,TransUnion
g242s__tu,Number of inquiries (includes duplicates) in past 3 months,TransUnion
linka045__tu,Number of checking account closures for cause in the last year,TransUnion
fi01s__tu,Number of finance installment trades,TransUnion
au57s__tu,Total past due amount of open auto trades verified in past 12 months,TransUnion
g220d__tu,Number of credit card trades verified in the past 12 months that are currently 90 days or more past due,TransUnion
g219d__tu,Number of credit card trades verified in the past 12 months that are currently 60 days or more past due,TransUnion
mt01s__tu,Number of mortgage trades,TransUnion
linkf032__tu,Y / N indicator of lender-reported bankruptcy,TransUnion
ret235__tu,Aggregate Excess Payment for Retail accounts over the past 24 months,TransUnion
g212s__tu,Number of charged-off trades opened in past 24 months,TransUnion
subjectabilityindex__ln,"Modeled risk index indicating the subject's ability to fulfill a credit obligation on the basis of their time on file, post-secondary education history, asset ownership, and outstanding financial obligations on file",LexisNexis
linka050__tu,Number of checking account inquiries in the last 6 months,TransUnion
ssnproblems__ln,Indicates problems on file associated with the input SSN,LexisNexis
s114s__tu,Number of deduped inquiries in past 6 months (excluding auto and mortgage inquiries),TransUnion
hi21s__tu,Months since most recent home equity loan trade opened,TransUnion
linka052__tu,Number of checking account inquiries in the last 2 years,TransUnion
bc108s__tu,Number of 90 or more days past due ratings on credit card trades,TransUnion
g404s__tu,Number of deduped finance inquiries in past 3 months,TransUnion
linka051__tu,Number of checking account inquiries in the last year,TransUnion
at01a__tu,Number of authorized user trades,TransUnion
g200s__tu,Percentage of contractually liable debt,TransUnion
fi06s__tu,Number of finance installment trades opened in past 6 months,TransUnion
rev202__tu,Total Payment Ratio for Revolving accounts over the past 3 months,TransUnion
ret231__tu,Aggregate Excess Payment for Retail accounts over the past 1 month,TransUnion
mt21s__tu,Months since most recent mortgage trade opened,TransUnion
linkt009__tu,Number of tradeline bankruptcies,TransUnion
linka039__tu,Number of days since first (oldest) check order,TransUnion
criminalfelonycount__ln,Total felony criminal convictions on subject's file,LexisNexis
g418s__tu,Months since most recent auto inquiry,TransUnion
co05s__tu,Total balance of trades that charged-off,TransUnion
rvdex02__tu,Most recent quarter year-over-year revolving spend index,TransUnion
fr21s__tu,Months since most recent finance revolving trade opened,TransUnion
