,feature,median__pd,median__parse,median_diff
83,revs905__tu,-1.0,1.0,inf
321,s071b__tu,1.0,-1.0,inf
55,rev225__tu,-1.0,1.0,inf
569,jt41s__tu,1.0,-1.0,inf
703,bankruptcytimenewest__ln,1.0,-1.0,inf
4,rev315__tu,-1.0,1.0,inf
272,rev11__tu,-1.0,1.0,inf
343,s073b__tu,1.0,-1.0,inf
276,rev51__tu,-1.0,1.0,inf
1454,g215b__tu,1.0,-1.0,inf
248,rev122__tu,-1.0,1.0,inf
51,rev205__tu,-1.0,0.95,7799.999999999993
838,addrcurrentavmratio12monthprior__ln,-1.0,0.75,1400.0
854,addrinputavmratio12monthprior__ln,-1.0,0.52,633.3333333333334
70,bkc328__tu,-1.0,2.0,600.0
1754,cv05__tu,4.0,-1.0,333.33333333333337
1391,g095s__tu,1.0,-4.0,333.33333333333337
542,s209a__tu,4.0,-1.0,333.33333333333337
950,linkt007__tu,1.0,-4.0,333.33333333333337
16,rev327__tu,-1.0,6.0,280.0
556,jt21s__tu,8.0,-1.0,257.14285714285717
1838,agg905__tu,-1.0,14.945,228.68411617067048
1843,agg910__tu,-1.0,21.055,219.94515083520318
563,jt20s__tu,24.0,-1.0,217.39130434782606
1839,agg906__tu,-1.0,32.31,212.77547109549664
37,rev328__tu,-1.0,45.0,209.0909090909091
1844,agg911__tu,-1.0,55.25,207.37327188940094
1919,bc103s__tu,-1.0,101.0,204.0
15,rev326__tu,-1.0,0.0,200.0
841,addrcurrentcountyratio__ln,0.0,0.21,200.0
1921,bc106s__tu,0.0,1.0,200.0
1452,g213b__tu,238.7850848563968,0.0,200.0
904,linkf195__tu,0.0,1233.0,200.0
1841,agg908__tu,0.0,269.33,200.0
1390,g093s__tu,1.0,0.0,200.0
951,linkt006__tu,1.0,0.0,200.0
1840,agg907__tu,0.0,158.0,200.0
273,rev12__tu,-1.0,0.0,200.0
900,linkf181__tu,0.0,1.0,200.0
417,re09s__tu,0.0,1.0,200.0
247,rev112__tu,-1.0,0.0,200.0
1012,linkf145__tu,0.0,1.0,200.0
1750,cv22__tu,0.0,68.0,200.0
61,bkc319__tu,0.0,8.0,200.0
1069,agg406__tu,0.0,37.0,200.0
921,linkf172__tu,0.0,1.0,200.0
8,rev320__tu,-1.0,0.0,200.0
701,bankruptcycount__ln,1.0,0.0,200.0
861,addrcurrenttractratio__ln,0.0,0.36,200.0
7,rev318__tu,0.0,23.0,200.0
1073,agg410__tu,0.0,21.0,200.0
1199,linka021__tu,0.0,2.0,200.0
260,rev83__tu,-1.0,0.0,200.0
246,rev102__tu,-1.0,0.0,200.0
1271,linkf068__tu,0.0,3.0,200.0
544,s204a__tu,241.1729357049608,0.0,200.0
1241,linkf038__tu,0.0,2.0,200.0
244,rev84__tu,-1.0,0.0,200.0
1853,au101s__tu,574.9208053654896,0.0,200.0
974,linkf107__tu,0.0,2.0,200.0
243,rev152__tu,-1.0,0.0,200.0
1021,linkf154__tu,0.0,1.0,200.0
1987,at27s__tu,-3.0,0.0,200.0
274,rev13__tu,-1.0,0.0,200.0
250,rev142__tu,-1.0,0.0,200.0
568,jt40s__tu,0.0,-1.0,200.0
902,linkf193__tu,0.0,94.0,200.0
1848,trv04__tu,0.0,1.0,200.0
912,linkf163__tu,0.0,1.0,200.0
1456,g217s__tu,358.17762728459525,0.0,200.0
297,s064b__tu,546.8178443211488,0.0,200.0
1749,cv21__tu,0.0,99.91,200.0
207,bkc81__tu,-1.0,0.0,200.0
1421,g202a__tu,-2.0,0.0,200.0
695,inquirynonshortterm12month__ln,0.0,1.0,200.0
858,addrinputtractratio__ln,0.0,0.25,200.0
206,bkc83__tu,-1.0,0.0,200.0
1981,at36s__tu,0.0,1.0,200.0
972,linkf105__tu,0.0,83.0,200.0
143,rev255__tu,-1.0,0.0,200.0
1399,g201a__tu,-2.0,0.0,200.0
1038,linkf132__tu,0.0,1834.6685,200.0
1121,agg403__tu,0.0,48.0,200.0
894,linkf185__tu,0.0,96.0,200.0
165,bkc84__tu,-1.0,0.0,200.0
415,re36s__tu,0.0,1.0,200.0
182,bkc82__tu,-1.0,0.0,200.0
1067,agg404__tu,0.0,45.0,200.0
1071,agg408__tu,0.0,30.0,200.0
438,s208s__tu,0.0,-4.0,200.0
1819,trv14__tu,-1.0,0.0,200.0
1049,agg501__tu,0.0,3.88,200.0
560,jt01s__tu,1.0,0.0,200.0
1084,agg402__tu,0.0,50.0,200.0
1070,agg407__tu,0.0,31.0,200.0
1068,agg405__tu,0.0,40.0,200.0
704,bankruptcychapter__ln,1.0,0.0,200.0
399,re101s__tu,0.0,263.0,200.0
859,addrinputblockratio__ln,0.0,0.24,200.0
249,rev132__tu,-1.0,0.0,200.0
275,rev14__tu,-1.0,0.0,200.0
1917,bc101s__tu,0.0,111.0,200.0
1816,trv11__tu,-1.0,0.0,200.0
1520,fi101s__tu,439.1671264264746,0.0,200.0
932,linkt010__tu,0.0,-4.0,200.0
1383,g094s__tu,0.0,-4.0,200.0
561,jt02s__tu,0.0,-1.0,200.0
1122,agg401__tu,0.0,16.0,200.0
0,rev319__tu,0.0,167.0,200.0
261,rev82__tu,-1.0,0.0,200.0
344,s114s__tu,0.0,1.0,200.0
277,rev52__tu,-1.0,0.0,200.0
853,addrinputavmvalue12month__ln,0.0,15874.0,200.0
834,addrcurrentblockratio__ln,0.0,0.34,200.0
1640,g234s__tu,0.0,1.0,200.0
197,fltacquisitionfee__app,303.62070689604883,0.0,200.0
743,inttermbump__app,6.0,0.0,200.0
593,fltapprovedapr_contract__app,19.49,0.0,200.0
205,bitfunded__app,1.0,0.0,200.0
635,fltapproveddebttoincome__app,38.84,0.0,200.0
203,bitapproved__app,1.0,0.0,200.0
188,bigdealertypeid__app,1.0,0.0,200.0
1561,in03s__tu,0.0,1.0,200.0
730,fltapprovedloantovalue__app,133.53,0.0,200.0
857,addrinputcountyratio__ln,0.0,0.16,200.0
546,g242f__tu,0.0,2.0,200.0
732,fltdocumentfee__app,298.481356070496,0.0,200.0
740,fltlicensefee__app,117.30317293570494,0.0,200.0
733,fltgapinsurance__app,500.0,0.0,200.0
742,flttaxgrossreceipts__app,1164.1369849461487,0.0,200.0
186,bigdealerid__app,2534.0,0.0,200.0
82,revs904__tu,0.0,19.0,200.0
62,bkc320__tu,-1.0,0.0,200.0
1395,g102s__tu,2.0,0.0,200.0
810,linkc048__tu,2.0,0.0,200.0
1072,agg409__tu,0.0,29.0,200.0
551,g244b__tu,0.0,2.0,200.0
443,g414s__tu,0.0,1.0,200.0
474,g406s__tu,0.0,1.0,200.0
572,jt51s__tu,0.0,-1.0,200.0
319,s068b__tu,1.0,0.0,200.0
549,g242b__tu,0.0,1.0,200.0
457,g409s__tu,0.0,1.0,200.0
1912,bc36s__tu,0.0,1.0,200.0
263,rev54__tu,-1.0,0.0,200.0
836,addrcurrentavmvalue__ln,0.0,32784.23,200.0
837,addrcurrentavmvalue12month__ln,0.0,26016.125,200.0
464,au204s__tu,1.0,0.0,200.0
550,g243b__tu,0.0,1.0,200.0
1817,trv12__tu,-1.0,0.0,200.0
262,rev81__tu,-1.0,0.0,200.0
1988,at25s__tu,0.0,1.0,200.0
251,rev162__tu,-1.0,0.0,200.0
441,g412s__tu,0.0,1.0,200.0
278,rev53__tu,-1.0,0.0,200.0
1075,agg412__tu,0.0,10.0,200.0
320,s071a__tu,2.0,0.0,200.0
1439,g225s__tu,386.0,0.0,200.0
456,g410s__tu,0.0,1.0,200.0
331,s073a__tu,2.0,0.0,200.0
442,g413s__tu,0.0,1.0,200.0
852,addrinputavmvalue__ln,0.0,24234.56,200.0
1858,bc09s__tu,0.0,1.0,200.0
81,revs903__tu,0.0,29.1,200.0
1074,agg411__tu,0.0,19.5,200.0
548,g244f__tu,0.0,3.0,200.0
245,rev92__tu,-1.0,0.0,200.0
1203,linka022__tu,0.0,1.0,200.0
477,jt75s__tu,0.0,-1.0,200.0
547,g243f__tu,0.0,3.0,200.0
445,g416s__tu,1.0,0.0,200.0
293,s043s__tu,-2.0,0.0,200.0
133,aut255__tu,0.0,-1.0,200.0
545,g242s__tu,0.0,4.0,200.0
38,bkc315__tu,-1.0,0.0,200.0
338,reap01__tu,0.0,19.0,200.0
1205,linka027__tu,773.0,99999.0,196.93168737347676
1340,linka018__tu,1695.0,99999.0,193.33293999645997
1341,linka019__tu,1758.0,99999.0,193.0894189097556
543,s204s__tu,940.8132343342036,50.44,179.64596805219844
1451,g213a__tu,632.8142271516924,50.22,170.5900536144893
1445,g207s__tu,1121.0959734007831,115.0,162.78606112319622
624,monthonbooks__app,72.0,12.0,142.85714285714286
1397,g199s__tu,457.2734375,82.45,138.8946306412717
451,g199b__tu,403.608248926073,80.0,133.83073992004694
296,s064a__tu,1474.4978989882504,294.0,133.50288961763627
1642,g237s__tu,1.0,5.0,133.33333333333331
1748,cv20__tu,388.0257628916448,80.0,131.6276954450294
455,g207b__tu,450.109884954308,93.12,131.4323437799579
1653,g301s__tu,2.0,9.0,127.27272727272727
1638,g302s__tu,2.0,9.0,127.27272727272727
1432,g205s__tu,176.14442074030262,40.0,125.97541983642506
1467,co04s__tu,4.0,1.0,120.0
949,linkt008__tu,-1.0,-4.0,120.0
516,s207s__tu,-1.0,-4.0,120.0
1393,g099s__tu,-1.0,-4.0,120.0
1207,linka020__tu,1.0,4.0,120.0
1643,g238s__tu,2.0,7.0,111.11111111111111
1144,agg101__tu,7519.0,2214.0,109.01058255419707
453,g205b__tu,127.7500203981723,39.77,105.03821595658327
311,rt27s__tu,-3.0,-1.0,100.0
1878,au24s__tu,-3.0,-1.0,100.0
514,jt80s__tu,-3.0,-1.0,100.0
1652,g300s__tu,1.0,3.0,100.0
1525,fi24s__tu,-3.0,-1.0,100.0
1568,in25s__tu,-3.0,-1.0,100.0
1133,agg202__tu,1250.0,3550.0,95.83333333333334
1410,g003s__tu,5.0,2.0,85.71428571428571
1208,linka006__tu,2.0,5.0,85.71428571428571
613,ENG-vehicle_age,2.0,5.0,85.71428571428571
1541,in101s__tu,10701.153577839425,5132.0,70.34800174785376
600,bigaccountid__app,3107356.5,6386992.0,69.086056826332
599,uniqueid__app,310735690167171.0,638699279806951.0,69.08605644654506
867,bigaccountid__ln,3107356.5,6384449.5,69.05098987484574
493,walsrts2__tu,-2.0,-1.0,66.66666666666666
641,derogtimenewest__ln,2.0,1.0,66.66666666666666
1630,g980s__tu,1.0,2.0,66.66666666666666
863,alertregulatorycondition__ln,2.0,1.0,66.66666666666666
1639,g232s__tu,5.0,10.0,66.66666666666666
1762,paymnt06__tu,-2.0,-1.0,66.66666666666666
234,ret222__tu,-2.0,-1.0,66.66666666666666
40,rev202__tu,-2.0,-1.0,66.66666666666666
52,rev222__tu,-2.0,-1.0,66.66666666666666
1998,at02s__tu,1.0,2.0,66.66666666666666
1408,g002b__tu,6.0,3.0,66.66666666666666
1719,rvlr06__tu,-2.0,-1.0,66.66666666666666
440,g411s__tu,1.0,2.0,66.66666666666666
298,s068a__tu,2.0,1.0,66.66666666666666
1695,br01s__tu,1.0,2.0,66.66666666666666
1768,cv01__tu,4.0,2.0,66.66666666666666
1558,in36s__tu,1.0,2.0,66.66666666666666
1971,at29s__tu,1.0,2.0,66.66666666666666
2002,at12s__tu,1.0,2.0,66.66666666666666
239,aut202__tu,-2.0,-1.0,66.66666666666666
2001,at09s__tu,1.0,2.0,66.66666666666666
555,jt53s__tu,-2.0,-1.0,66.66666666666666
1999,at03s__tu,1.0,2.0,66.66666666666666
873,addrprevioustimenewest__ln,4.0,2.0,66.66666666666666
1928,au01s__tu,2.0,1.0,66.66666666666666
598,bc_trd__tu,1.0,2.0,66.66666666666666
620,fltapproveddowntotal__app,500.0,1000.0,66.66666666666666
1854,bc01s__tu,1.0,2.0,66.66666666666666
1830,trv08__tu,1.0,2.0,66.66666666666666
1423,g221b__tu,2.0,1.0,66.66666666666666
1735,cv15__tu,1.0,2.0,66.66666666666666
1871,au36s__tu,1.0,2.0,66.66666666666666
1453,g215a__tu,2.0,1.0,66.66666666666666
90,walsrvs1__tu,-2.0,-1.0,66.66666666666666
225,aut222__tu,-2.0,-1.0,66.66666666666666
486,rtdex02__tu,-2.0,-1.0,66.66666666666666
634,fltdowncash__app,500.0,1000.0,66.66666666666666
492,walsrts1__tu,-2.0,-1.0,66.66666666666666
318,rt25s__tu,-2.0,-1.0,66.66666666666666
1422,g202b__tu,-1.0,-2.0,66.66666666666666
230,ret202__tu,-2.0,-1.0,66.66666666666666
444,g415s__tu,1.0,2.0,66.66666666666666
609,bigdebtorid__app,4016717.5,7980695.0,66.08054028316522
868,bigdebtorid__ln,4016717.0,7977542.5,66.04535277896898
1134,agg203__tu,1400.0,2750.0,65.06024096385542
1201,linka030__tu,484.0,942.0,64.23562412342217
1747,cv19__tu,13487.178555401437,7288.5,59.67245343031025
1983,at101s__tu,14992.121552708875,8164.5,58.969064525823946
1135,agg204__tu,1500.0,2700.0,57.14285714285714
1136,agg205__tu,1500.0,2677.0,56.35623653339717
316,rt21s__tu,12.0,7.0,52.63157894736842
315,rt20s__tu,34.0,20.0,51.85185185185185
1137,agg206__tu,1592.0,2620.5,48.83086053412463
1968,at104s__tu,14.0,23.0,48.64864864864865
1405,g001b__tu,8.0,5.0,46.15384615384615
1636,g304s__tu,8.0,5.0,46.15384615384615
1138,agg207__tu,1729.5,2600.0,40.212495669245875
1832,trv06__tu,2.0,3.0,40.0
596,rev_trd__tu,2.0,3.0,40.0
405,re25s__tu,-3.0,-2.0,40.0
1629,g960s__tu,4.0,6.0,40.0
632,miles_odometer__app,40000.0,60000.0,40.0
1863,bc25s__tu,-1.5,-1.0,40.0
1742,cv14__tu,4.0,6.0,40.0
1386,g066s__tu,3.0,2.0,40.0
1447,g209s__tu,18.0,12.0,40.0
1631,g990s__tu,2.0,3.0,40.0
1766,paymnt10__tu,2.0,3.0,40.0
963,linkt001__tu,3.0,2.0,40.0
1815,trv10__tu,4.0,6.0,40.0
435,re01s__tu,2.0,3.0,40.0
1389,g071s__tu,3.0,2.0,40.0
1985,at103s__tu,67.0,100.0,39.52095808383233
614,ENG-dealership_age,4.441095890410959,6.604109589041096,39.16656331390302
2004,at21s__tu,13.0,9.0,36.36363636363637
1767,paymnt11__tu,7.0,10.0,35.294117647058826
1156,agg209__tu,1800.0,2550.0,34.48275862068966
1984,at101b__tu,10736.5,7584.5,34.40860215053764
1131,agg201__tu,3517.5,2500.0,33.81803074366431
1649,g251a__tu,7.0,5.0,33.33333333333333
1436,g224a__tu,7.0,5.0,33.33333333333333
1139,agg208__tu,1835.0,2528.5,31.786409991978914
475,g208b__tu,51.0,69.0,30.0
1740,cv12__tu,4.0,3.0,28.57142857142857
1438,g224c__tu,4.0,3.0,28.57142857142857
1417,g043s__tu,4.0,3.0,28.57142857142857
872,addrlastmoveecontrajectoryindex__ln,3.0,4.0,28.57142857142857
1852,bc20s__tu,27.0,36.0,28.57142857142857
880,addrstabilityindex__ln,4.0,3.0,28.57142857142857
1620,g307s__tu,4.0,3.0,28.57142857142857
611,ENG-payment_to_income,0.09,0.12,28.57142857142857
1651,g251c__tu,4.0,3.0,28.57142857142857
1646,g250a__tu,8.0,6.0,28.57142857142857
1647,g250b__tu,4.0,3.0,28.57142857142857
1202,linka053__tu,778.0,1033.0,28.16123688569851
1191,agg224__tu,1762.5,1340.0,27.23609991941982
1157,agg211__tu,1902.0,2500.0,27.169468423443888
1486,br20s__tu,25.0,32.0,24.561403508771928
1974,at32s__tu,3715.4959203655344,2926.49,23.758132878490432
1970,at28b__tu,4757.5,6000.0,23.10016267720195
1132,agg210__tu,1984.0,2500.0,23.015165031222125
1738,cv10__tu,5.0,4.0,22.22222222222222
1413,g041s__tu,5.0,4.0,22.22222222222222
1755,cv04__tu,5.0,4.0,22.22222222222222
1648,g250c__tu,5.0,4.0,22.22222222222222
541,s209s__tu,5.0,4.0,22.22222222222222
1190,agg223__tu,1862.5,1500.0,21.561338289962826
1979,at35a__tu,1925.0,1557.0,21.137277426766225
1570,in28s__tu,3892.171995514751,3167.0,20.545525621857916
1976,at33b__tu,3182.0,3879.0,19.74224614077326
1168,agg212__tu,2000.0,2425.5,19.229465597107673
1189,agg222__tu,2000.0,1650.0,19.17808219178082
1574,in32s__tu,2110.263187418407,1750.0,18.665213739446457
333,atap01__tu,163.56778312663184,135.79999999999998,18.55094949538117
1578,in01s__tu,6.0,5.0,18.181818181818183
594,inst_trd__tu,6.0,5.0,18.181818181818183
403,re21s__tu,12.0,10.0,18.181818181818183
1566,in21s__tu,18.0,15.0,18.181818181818183
601,factor,1.193925424281984,1.0,17.678397099158534
1575,in33s__tu,2407.5506180646207,2033.0,16.869557416637022
874,addrpreviouslengthofres__ln,40.0,47.0,16.091954022988507
1446,g208s__tu,60.0,70.0,15.384615384615385
633,bookvalue__app,15000.0,17500.0,15.384615384615385
1180,agg213__tu,2000.0,2300.0,13.953488372093023
619,payment__app,487.9843351164545,560.4708499999999,13.827298660456183
292,s004s__tu,63.0,55.0,13.559322033898304
1524,fi21s__tu,17.0,15.0,12.5
684,addrinputtimeoldest__ln,26.0,23.0,12.244897959183673
1980,at35b__tu,1570.0,1389.0,12.23386279148361
2003,at20s__tu,122.0,108.0,12.173913043478262
1860,bc21s__tu,8.0,9.0,11.76470588235294
626,amtfinanced__app,20000.0,22500.0,11.76470588235294
1182,agg215__tu,2010.5,2248.0,11.154162263707878
1812,balmag02__tu,265.0,296.0,11.051693404634582
1565,in20s__tu,107.0,96.0,10.83743842364532
1181,agg214__tu,2000.0,2223.0,10.561212408240587
1045,trd__tu,10.0,9.0,10.526315789473683
595,nomt_trd__tu,10.0,9.0,10.526315789473683
1997,at01s__tu,10.0,9.0,10.526315789473683
1187,agg220__tu,2000.0,1800.0,10.526315789473683
1188,agg221__tu,1972.0,1781.0,10.178523847588595
1560,in34s__tu,47.0,52.0,10.1010101010101
1975,at33a__tu,4856.888625979112,4397.005,9.939245998852797
687,addrinputlengthofres__ln,23.0,21.0,9.090909090909092
615,yhat_ad,0.2445746656879158,0.2678184992061629,9.072655574182782
843,addrcurrentlengthofres__ln,37.0,34.0,8.450704225352112
1877,au21s__tu,23.0,25.0,8.333333333333332
618,dti__app,0.3870850356116631,0.3573584144438358,7.98626710077471
845,addrcurrenttimeoldest__ln,40.0,37.0,7.792207792207792
1977,at34b__tu,67.0,72.0,7.194244604316546
1128,agg121__tu,3261.5,3482.5,6.553973902728351
1870,au51a__tu,51.0,48.0,6.0606060606060606
1186,agg219__tu,2000.0,1886.0,5.867215645908389
1972,at30s__tu,75.0,71.0,5.47945205479452
1125,agg118__tu,3533.0,3725.0,5.290713695232847
773,subjectage__ln,41.0,39.0,5.0
1183,agg216__tu,2000.0,2100.0,4.878048780487805
1876,au20s__tu,64.0,61.0,4.8
612,ENG-loan_to_value,1.3478260869565215,1.2857142857142858,4.716981132075448
964,linkt002__tu,21.0,22.0,4.651162790697675
1986,at28a__tu,7110.699406683972,6792.0,4.584712613879159
1126,agg119__tu,3530.5,3689.5,4.404432132963989
866,addrprevioustimeoldest__ln,69.0,72.0,4.25531914893617
1969,at34a__tu,71.0,74.0,4.137931034482759
1559,in35s__tu,1549.5,1490.0,3.915117618029281
2005,yhat_pricing_lgd,0.4017982275326339,0.417649837120897,3.8688503328066988
402,re20s__tu,51.0,53.0,3.8461538461538463
1140,agg116__tu,3755.0,3896.5,3.6986211853884856
1523,fi20s__tu,58.0,60.0,3.389830508474576
1124,agg117__tu,3692.5,3819.0,3.368168807827997
1141,agg115__tu,3940.0,4074.0,3.344147741452458
1123,agg124__tu,2843.0,2939.5,3.337656722870731
1153,agg110__tu,4507.5,4364.5,3.2236248872858435
1148,agg105__tu,4585.5,4728.0,3.0600740860041875
616,yhat_pricing_pd,0.341061684075559,0.35133256187382,2.9667715635556937
1155,agg112__tu,4382.5,4263.0,2.7644439303683996
1154,agg111__tu,4412.0,4297.0,2.6409461476633367
1151,agg108__tu,4575.0,4456.0,2.6353670689846087
1152,agg109__tu,4383.0,4497.0,2.5675675675675675
1184,agg217__tu,2050.0,2000.0,2.4691358024691357
603,fltadvance__app,1.15,1.125,2.19780219780219
1143,agg113__tu,4265.0,4174.0,2.1566536319469134
1829,balmag01__tu,260.0,265.0,1.9047619047619049
1130,agg123__tu,3063.5,3115.5,1.6831202459944974
1127,agg120__tu,3482.5,3531.0,1.383046980822699
1147,agg104__tu,4672.5,4728.5,1.1913626209977661
1142,agg114__tu,4052.0,4088.5,0.8967508138320743
1149,agg106__tu,4592.0,4632.0,0.8673026886383347
539,g106s__tu,253.0,251.0,0.7936507936507936
1150,agg107__tu,4534.0,4559.0,0.5498735290883097
1146,agg103__tu,4742.0,4759.0,0.3578570676770866
607,year,2017.0,2022.0,0.24758603614756128
1129,agg122__tu,3296.0,3289.0,0.21260440394836752
1145,agg102__tu,4659.5,4650.0,0.2040925935871959
629,vehicleyear__app,2014.0,2018.0,0.1984126984126984
679,ssndatelowissued__ln,19820101.0,19850101.0,0.1512470241517802
759,educationinstitutionprivate__ln,-1.0,-1.0,0.0
1612,lm32s__tu,-1.0,-1.0,0.0
1927,au03s__tu,-1.0,-1.0,0.0
1478,fi01s__tu,2.0,2.0,0.0
1543,lm02s__tu,-1.0,-1.0,0.0
397,pb09s__tu,-1.0,-1.0,0.0
1400,g061s__tu,3.0,3.0,0.0
1596,lm38s__tu,-1.0,-1.0,0.0
1550,lm09s__tu,-1.0,-1.0,0.0
388,md02s__tu,-1.0,-1.0,0.0
1412,g057s__tu,2.0,2.0,0.0
1415,g042s__tu,4.0,4.0,0.0
1739,cv11__tu,4.0,4.0,0.0
1684,hi30s__tu,-1.0,-1.0,0.0
1185,agg218__tu,2000.0,2000.0,0.0
1624,g311s__tu,9.0,9.0,0.0
772,subjectactivityindex12month__ln,4.0,4.0,0.0
267,rle903__tu,-1.0,-1.0,0.0
1501,fr25s__tu,-1.0,-1.0,0.0
562,jt03s__tu,-1.0,-1.0,0.0
782,confirmationsubjectfound__ln,1.0,1.0,0.0
746,subjectrecordtimeoldest__ln,264.0,264.0,0.0
385,mt47s__tu,-1.0,-1.0,0.0
1537,g226s__tu,-3.0,-3.0,0.0
406,re27s__tu,-3.0,-3.0,0.0
1864,bc27s__tu,-3.0,-3.0,0.0
426,pb30s__tu,-1.0,-1.0,0.0
229,ret201__tu,-2.0,-2.0,0.0
164,ret53__tu,-1.0,-1.0,0.0
1538,g227s__tu,-3.0,-3.0,0.0
669,assetpropsaletimeoldest__ln,-1.0,-1.0,0.0
360,re102s__tu,-1.0,-1.0,0.0
236,ret224__tu,-1.0,-1.0,0.0
370,pb12s__tu,-1.0,-1.0,0.0
161,ret82__tu,-1.0,-1.0,0.0
432,pb36s__tu,-1.0,-1.0,0.0
422,pb25s__tu,-1.0,-1.0,0.0
377,pb06s__tu,-1.0,-1.0,0.0
1507,fr21s__tu,-1.0,-1.0,0.0
154,ret162__tu,-1.0,-1.0,0.0
366,of31s__tu,-1.0,-1.0,0.0
425,pb29s__tu,-1.0,-1.0,0.0
421,pb24s__tu,-1.0,-1.0,0.0
1659,hr12s__tu,-1.0,-1.0,0.0
1675,hr03s__tu,-1.0,-1.0,0.0
1665,hr29s__tu,-1.0,-1.0,0.0
1662,hr24s__tu,-1.0,-1.0,0.0
1664,hr27s__tu,-1.0,-1.0,0.0
376,pb03s__tu,-1.0,-1.0,0.0
1663,hr25s__tu,-1.0,-1.0,0.0
1458,g218b__tu,2.0,2.0,0.0
349,st06s__tu,-1.0,-1.0,0.0
423,pb27s__tu,-1.0,-1.0,0.0
522,us20s__tu,-1.0,-1.0,0.0
1555,lm14s__tu,-1.0,-1.0,0.0
864,fltgrossmonthly__income_sum,4000.0,4000.0,0.0
375,pb02s__tu,-1.0,-1.0,0.0
219,std224__tu,-1.0,-1.0,0.0
1770,cv03__tu,-1.0,-1.0,0.0
348,st05s__tu,-1.0,-1.0,0.0
414,re35s__tu,-1.0,-1.0,0.0
521,us12s__tu,-1.0,-1.0,0.0
1904,bi34s__tu,-1.0,-1.0,0.0
528,us29s__tu,-1.0,-1.0,0.0
713,assetindex__ln,2.0,2.0,0.0
237,ret225__tu,-1.0,-1.0,0.0
1588,lm19s__tu,-1.0,-1.0,0.0
1577,lm18s__tu,-1.0,-1.0,0.0
1600,lm20s__tu,-1.0,-1.0,0.0
688,addrinputsubjectcount__ln,2.0,2.0,0.0
1489,br25s__tu,-1.0,-1.0,0.0
1384,g063s__tu,2.0,2.0,0.0
146,ret84__tu,-1.0,-1.0,0.0
518,us03s__tu,-1.0,-1.0,0.0
1602,lm22s__tu,-1.0,-1.0,0.0
1401,g058s__tu,2.0,2.0,0.0
1604,lm24s__tu,-1.0,-1.0,0.0
1603,lm23s__tu,-1.0,-1.0,0.0
218,std223__tu,-1.0,-1.0,0.0
553,us35s__tu,-1.0,-1.0,0.0
215,std204__tu,-1.0,-1.0,0.0
1222,linka024__tu,99999.0,99999.0,0.0
1409,g002c__tu,-1.0,-1.0,0.0
1387,g068s__tu,2.0,2.0,0.0
778,subjectabilityindex__ln,2.0,2.0,0.0
214,std203__tu,-1.0,-1.0,0.0
579,se03s__tu,-1.0,-1.0,0.0
358,rp02s__tu,-1.0,-1.0,0.0
1711,walshr04__tu,-2.0,-2.0,0.0
714,businesstitleleadership__ln,-1.0,-1.0,0.0
1708,walshr01__tu,-2.0,-2.0,0.0
310,rt03s__tu,-1.0,-1.0,0.0
677,ssnsubjectcount__ln,1.0,1.0,0.0
32,per253__tu,-1.0,-1.0,0.0
1668,hr31s__tu,-1.0,-1.0,0.0
1710,walshr03__tu,-2.0,-2.0,0.0
1667,hr30s__tu,-1.0,-1.0,0.0
1392,g059s__tu,2.0,2.0,0.0
1531,fi31s__tu,-1.0,-1.0,0.0
178,ret51__tu,-1.0,-1.0,0.0
1685,hi31s__tu,-1.0,-1.0,0.0
1872,au35s__tu,-1.0,-1.0,0.0
1385,g064s__tu,2.0,2.0,0.0
1688,hi34s__tu,-1.0,-1.0,0.0
750,sourcenonderogcount03month__ln,1.0,1.0,0.0
846,addrinputdelivery__ln,-1.0,-1.0,0.0
776,subjectstabilityindex__ln,4.0,4.0,0.0
1506,fr20s__tu,-1.0,-1.0,0.0
1611,lm31s__tu,-1.0,-1.0,0.0
371,of36s__tu,-1.0,-1.0,0.0
1875,au12s__tu,-1.0,-1.0,0.0
517,us25s__tu,-1.0,-1.0,0.0
765,sourcenonderogprofileindex__ln,5.0,5.0,0.0
1419,g051s__tu,50.0,50.0,0.0
393,of03s__tu,-1.0,-1.0,0.0
1584,mt06s__tu,-1.0,-1.0,0.0
378,of25s__tu,-1.0,-1.0,0.0
770,subjectactivityindex03month__ln,4.0,4.0,0.0
1671,hr34s__tu,-1.0,-1.0,0.0
1527,fi27s__tu,-3.0,-3.0,0.0
1606,lm26s__tu,-1.0,-1.0,0.0
1582,mt02s__tu,-1.0,-1.0,0.0
308,rp08s__tu,-1.0,-1.0,0.0
462,au202s__tu,1.0,1.0,0.0
1953,cv30__tu,999.0,999.0,0.0
231,ret203__tu,-1.0,-1.0,0.0
775,subjectssncount__ln,1.0,1.0,0.0
1326,linka041__tu,9999.99999,9999.99999,0.0
681,addronfilecount__ln,7.0,7.0,0.0
1530,fi30s__tu,-1.0,-1.0,0.0
751,sourcenonderogcount06month__ln,1.0,1.0,0.0
184,applicationmonth__app,6.0,6.0,0.0
1464,co01s__tu,1.0,1.0,0.0
878,addrpreviousdwelltypeindex__ln,3.0,3.0,0.0
1388,g069s__tu,2.0,2.0,0.0
380,of21s__tu,-1.0,-1.0,0.0
1572,in30s__tu,50.0,50.0,0.0
865,fltgrossmonthly__income_count,1.0,1.0,0.0
752,sourcenonderogcount12month__ln,1.0,1.0,0.0
379,of24s__tu,-1.0,-1.0,0.0
396,of12s__tu,-1.0,-1.0,0.0
235,ret223__tu,-1.0,-1.0,0.0
233,ret205__tu,-1.0,-1.0,0.0
1879,au25s__tu,-3.0,-3.0,0.0
317,rt24s__tu,-1.0,-1.0,0.0
768,confirmationinputdob__ln,7.0,7.0,0.0
762,proflictypecategory__ln,-1.0,-1.0,0.0
364,of29s__tu,-1.0,-1.0,0.0
525,us27s__tu,-1.0,-1.0,0.0
216,std222__tu,-1.0,-1.0,0.0
887,addrlastmoveecontrajectory__ln,3.0,3.0,0.0
1628,g315s__tu,-1.0,-1.0,0.0
757,subjectrecordtimenewest__ln,1.0,1.0,0.0
1455,g216s__tu,1.0,1.0,0.0
303,rp03s__tu,-1.0,-1.0,0.0
766,confirmationinputaddress__ln,1.0,1.0,0.0
1733,walshr08__tu,-2.0,-2.0,0.0
608,ENG-applicationdate__app_month,6.0,6.0,0.0
1534,fi34s__tu,-1.0,-1.0,0.0
1900,bc35s__tu,-1.0,-1.0,0.0
213,std202__tu,-1.0,-1.0,0.0
430,pb34s__tu,-1.0,-1.0,0.0
1508,fr24s__tu,-1.0,-1.0,0.0
362,of27s__tu,-1.0,-1.0,0.0
526,us36s__tu,-1.0,-1.0,0.0
291,rt29s__tu,-1.0,-1.0,0.0
1585,mt09s__tu,-1.0,-1.0,0.0
1618,g313s__tu,-1.0,-1.0,0.0
1732,walshr06__tu,-2.0,-2.0,0.0
1882,au29s__tu,-1.0,-1.0,0.0
586,se25s__tu,-1.0,-1.0,0.0
1625,g312s__tu,-1.0,-1.0,0.0
1623,g310s__tu,9.0,9.0,0.0
1635,g305s__tu,9.0,9.0,0.0
666,assetpropnewestmortgagetype__ln,-1.0,-1.0,0.0
1598,lm36s__tu,-1.0,-1.0,0.0
886,addrlastmovetaxratiodiff__ln,-1.0,-1.0,0.0
1909,bi06s__tu,-1.0,-1.0,0.0
390,md106s__tu,-1.0,-1.0,0.0
1552,lm11s__tu,-1.0,-1.0,0.0
720,inputprovidedstreetaddress__ln,1.0,1.0,0.0
723,inputprovidedzipcode__ln,1.0,1.0,0.0
722,inputprovidedstate__ln,1.0,1.0,0.0
1599,lm35s__tu,-1.0,-1.0,0.0
721,inputprovidedcity__ln,1.0,1.0,0.0
427,pb31s__tu,-1.0,-1.0,0.0
350,st09s__tu,-1.0,-1.0,0.0
771,subjectactivityindex06month__ln,4.0,4.0,0.0
1526,fi25s__tu,-3.0,-3.0,0.0
1553,lm12s__tu,-1.0,-1.0,0.0
1396,g105s__tu,-1.0,-1.0,0.0
152,ret152__tu,-1.0,-1.0,0.0
1658,hr09s__tu,-1.0,-1.0,0.0
1610,lm30s__tu,-1.0,-1.0,0.0
314,rt12s__tu,-1.0,-1.0,0.0
1490,br27s__tu,-3.0,-3.0,0.0
585,se24s__tu,-1.0,-1.0,0.0
824,addrinputdwelltypeindex__ln,3.0,3.0,0.0
686,addrinputtimenewest__ln,1.0,1.0,0.0
1674,hr06s__tu,-1.0,-1.0,0.0
1548,lm08s__tu,-1.0,-1.0,0.0
689,addrinputmatchindex__ln,2.0,2.0,0.0
1540,lm07s__tu,-1.0,-1.0,0.0
1547,lm06s__tu,-1.0,-1.0,0.0
1676,hr02s__tu,-1.0,-1.0,0.0
628,intterm__app,72.0,72.0,0.0
1536,fi36s__tu,1.0,1.0,0.0
232,ret204__tu,-1.0,-1.0,0.0
1440,g219b__tu,2.0,2.0,0.0
719,inputprovidedlastname__ln,1.0,1.0,0.0
1472,fc02s__tu,-1.0,-1.0,0.0
1709,walshr02__tu,-2.0,-2.0,0.0
1654,hi06s__tu,-1.0,-1.0,0.0
1535,fi35s__tu,-1.0,-1.0,0.0
212,std201__tu,-1.0,-1.0,0.0
767,confirmationinputssn__ln,3.0,3.0,0.0
34,per255__tu,-1.0,-1.0,0.0
749,sourcenonderogcount__ln,2.0,2.0,0.0
1626,g314s__tu,-1.0,-1.0,0.0
1905,bi35s__tu,-1.0,-1.0,0.0
587,se27s__tu,-1.0,-1.0,0.0
392,of02s__tu,-1.0,-1.0,0.0
488,rtdexq1__tu,-1.0,-1.0,0.0
1712,walshr05__tu,-2.0,-2.0,0.0
185,applicationquarter__app,2.0,2.0,0.0
1973,at31s__tu,50.0,50.0,0.0
304,rp04s__tu,-1.0,-1.0,0.0
524,us24s__tu,-1.0,-1.0,0.0
395,of09s__tu,-1.0,-1.0,0.0
1741,cv13__tu,50.0,50.0,0.0
163,ret54__tu,-1.0,-1.0,0.0
610,ENG-applicationdate__app_quarter,2.0,2.0,0.0
783,confirmationinputname__ln,3.0,3.0,0.0
1551,lm10s__tu,-1.0,-1.0,0.0
1627,hi09s__tu,-1.0,-1.0,0.0
717,inputprovidedfirstname__ln,1.0,1.0,0.0
830,addrcurrentdwelltypeindex__ln,3.0,3.0,0.0
725,inputprovideddateofbirth__ln,7.0,7.0,0.0
1403,g003c__tu,-1.0,-1.0,0.0
1614,lm34s__tu,-1.0,-1.0,0.0
724,inputprovidedssn__ln,3.0,3.0,0.0
1427,g220b__tu,2.0,2.0,0.0
1482,br35s__tu,-1.0,-1.0,0.0
582,se12s__tu,-1.0,-1.0,0.0
589,se29s__tu,-1.0,-1.0,0.0
1834,agg901__tu,1.0,1.0,0.0
769,subjectnewestrecord12month__ln,1.0,1.0,0.0
1633,hi02s__tu,-1.0,-1.0,0.0
1473,fc03s__tu,-1.0,-1.0,0.0
179,ret52__tu,-1.0,-1.0,0.0
193,bitdealerapplicantsamestate__app,1.0,1.0,0.0
1660,hr20s__tu,-1.0,-1.0,0.0
394,of06s__tu,-1.0,-1.0,0.0
1595,mt31s__tu,-1.0,-1.0,0.0
84,rvdex01__tu,-1.0,-1.0,0.0
398,pb20s__tu,-1.0,-1.0,0.0
142,rev254__tu,-1.0,-1.0,0.0
1504,fr09s__tu,-1.0,-1.0,0.0
327,st45s__tu,-1.0,-1.0,0.0
1608,lm28s__tu,-1.0,-1.0,0.0
409,pb21s__tu,-1.0,-1.0,0.0
150,ret122__tu,-1.0,-1.0,0.0
326,st36s__tu,-1.0,-1.0,0.0
850,addrinputtaxyr__ln,-1.0,-1.0,0.0
1967,indexq4__tu,-1.0,-1.0,0.0
130,aut252__tu,-1.0,-1.0,0.0
833,addrcurrenttaxyr__ln,-1.0,-1.0,0.0
85,rvdex02__tu,-2.0,-2.0,0.0
1894,bi21s__tu,-1.0,-1.0,0.0
1978,walshrs1__tu,-1.0,-1.0,0.0
1818,trv13__tu,-1.0,-1.0,0.0
1609,lm29s__tu,-1.0,-1.0,0.0
537,st103s__tu,-1.0,-1.0,0.0
58,ret320__tu,-1.0,-1.0,0.0
67,bkc325__tu,-1.0,-1.0,0.0
43,ret325__tu,-1.0,-1.0,0.0
256,bkc14__tu,-1.0,-1.0,0.0
1693,br03s__tu,-1.0,-1.0,0.0
1945,index02__tu,-2.0,-2.0,0.0
254,bkc12__tu,-1.0,-1.0,0.0
387,mt101s__tu,-1.0,-1.0,0.0
581,se09s__tu,-1.0,-1.0,0.0
384,mt36s__tu,-1.0,-1.0,0.0
1617,g230s__tu,-1.0,-1.0,0.0
255,bkc13__tu,-1.0,-1.0,0.0
1734,rvlr02__tu,-1.0,-1.0,0.0
1556,lm15s__tu,-1.0,-1.0,0.0
45,ret327__tu,-1.0,-1.0,0.0
1539,g228s__tu,-1.0,-1.0,0.0
747,businessassociationtimeoldest__ln,-1.0,-1.0,0.0
567,jt34s__tu,-1.0,-1.0,0.0
151,ret132__tu,-1.0,-1.0,0.0
46,ret328__tu,-1.0,-1.0,0.0
44,ret326__tu,-1.0,-1.0,0.0
226,aut205__tu,-1.0,-1.0,0.0
1990,walshrs2__tu,-1.0,-1.0,0.0
227,aut204__tu,-1.0,-1.0,0.0
78,rvdexq1__tu,-1.0,-1.0,0.0
1996,aggs911__tu,-1.0,-1.0,0.0
294,s061s__tu,1.0,1.0,0.0
1493,br30s__tu,-1.0,-1.0,0.0
1893,bi20s__tu,-1.0,-1.0,0.0
1545,lm04s__tu,-1.0,-1.0,0.0
1736,cv08__tu,-1.0,-1.0,0.0
1868,bc31s__tu,-1.0,-1.0,0.0
295,s062s__tu,1.0,1.0,0.0
490,rtdexq3__tu,-1.0,-1.0,0.0
1845,trv01__tu,1.0,1.0,0.0
208,std205__tu,-1.0,-1.0,0.0
1518,fr02s__tu,-1.0,-1.0,0.0
639,derogcount__ln,1.0,1.0,0.0
869,phoneinputmobile__ln,1.0,1.0,0.0
264,per225__tu,-1.0,-1.0,0.0
404,re24s__tu,-1.0,-1.0,0.0
1494,br31s__tu,-1.0,-1.0,0.0
1862,bc24s__tu,-1.0,-1.0,0.0
287,rt35s__tu,-1.0,-1.0,0.0
220,std225__tu,-1.0,-1.0,0.0
1497,br34s__tu,-1.0,-1.0,0.0
1764,paymnt08__tu,-2.0,-2.0,0.0
122,ret253__tu,-1.0,-1.0,0.0
124,ret255__tu,-1.0,-1.0,0.0
1594,mt30s__tu,-1.0,-1.0,0.0
538,s207a__tu,-1.0,-1.0,0.0
68,bkc326__tu,-1.0,-1.0,0.0
210,aut224__tu,-1.0,-1.0,0.0
888,mt34b__tu,-1.0,-1.0,0.0
889,mt34s__tu,-1.0,-1.0,0.0
382,mt34c__tu,-1.0,-1.0,0.0
1939,indexq3__tu,-1.0,-1.0,0.0
1966,indexq2__tu,-1.0,-1.0,0.0
369,of35s__tu,-1.0,-1.0,0.0
1569,in27s__tu,-3.0,-3.0,0.0
1946,indexq1__tu,-1.0,-1.0,0.0
831,addrcurrenttimelastsale__ln,-1.0,-1.0,0.0
1920,bc104s__tu,-1.0,-1.0,0.0
847,addrinputtimelastsale__ln,-1.0,-1.0,0.0
1867,bc30s__tu,-1.0,-1.0,0.0
123,ret254__tu,-1.0,-1.0,0.0
1889,bc34s__tu,-1.0,-1.0,0.0
1597,lm37s__tu,-1.0,-1.0,0.0
1492,br29s__tu,-1.0,-1.0,0.0
253,bkc11__tu,-1.0,-1.0,0.0
141,rev253__tu,-1.0,-1.0,0.0
1678,hi21s__tu,-1.0,-1.0,0.0
1666,hi20s__tu,-1.0,-1.0,0.0
54,rev224__tu,-1.0,-1.0,0.0
50,rev204__tu,-1.0,-1.0,0.0
148,ret102__tu,-1.0,-1.0,0.0
356,st27s__tu,-1.0,-1.0,0.0
856,addrinputavmratio60monthprior__ln,-1.0,-1.0,0.0
1514,fr31s__tu,-1.0,-1.0,0.0
1546,lm05s__tu,-1.0,-1.0,0.0
401,re12s__tu,-1.0,-1.0,0.0
840,addrcurrentavmratio60monthprior__ln,-1.0,-1.0,0.0
1673,hr36s__tu,-1.0,-1.0,0.0
1513,fr30s__tu,-1.0,-1.0,0.0
47,rev201__tu,-2.0,-2.0,0.0
1517,fr34s__tu,-1.0,-1.0,0.0
175,ret12__tu,-1.0,-1.0,0.0
1690,hi36s__tu,-1.0,-1.0,0.0
1613,lm33s__tu,-1.0,-1.0,0.0
24,std254__tu,-1.0,-1.0,0.0
166,bkc92__tu,-1.0,-1.0,0.0
520,us09s__tu,-1.0,-1.0,0.0
552,st102s__tu,-1.0,-1.0,0.0
53,rev223__tu,-1.0,-1.0,0.0
351,st12s__tu,-1.0,-1.0,0.0
653,purchaseactivitycount__ln,-1.0,-1.0,0.0
1580,lm39s__tu,-1.0,-1.0,0.0
342,st29s__tu,-1.0,-1.0,0.0
1622,g309s__tu,-1.0,-1.0,0.0
167,bkc102__tu,-1.0,-1.0,0.0
347,st03s__tu,-1.0,-1.0,0.0
257,bkc51__tu,-1.0,-1.0,0.0
48,rev203__tu,-1.0,-1.0,0.0
355,st25s__tu,-1.0,-1.0,0.0
258,bkc52__tu,-1.0,-1.0,0.0
176,ret13__tu,-1.0,-1.0,0.0
173,bkc162__tu,-1.0,-1.0,0.0
354,st24s__tu,-1.0,-1.0,0.0
259,bkc53__tu,-1.0,-1.0,0.0
168,bkc112__tu,-1.0,-1.0,0.0
647,criminalnonfelonytimenewest__ln,-1.0,-1.0,0.0
242,bkc54__tu,-1.0,-1.0,0.0
1989,at24s__tu,1.0,1.0,0.0
23,std253__tu,-1.0,-1.0,0.0
22,std252__tu,-1.0,-1.0,0.0
485,rets905__tu,-1.0,-1.0,0.0
459,g407s__tu,1.0,1.0,0.0
1579,mt20s__tu,-1.0,-1.0,0.0
271,rle907__tu,-1.0,-1.0,0.0
1752,cv07__tu,-1.0,-1.0,0.0
1943,aggs905__tu,-1.0,-1.0,0.0
1544,lm03s__tu,-1.0,-1.0,0.0
570,jt42s__tu,-1.0,-1.0,0.0
170,bkc132__tu,-1.0,-1.0,0.0
171,bkc142__tu,-1.0,-1.0,0.0
172,bkc152__tu,-1.0,-1.0,0.0
1485,br12s__tu,-1.0,-1.0,0.0
1587,mt21s__tu,-1.0,-1.0,0.0
1500,fr35s__tu,-1.0,-1.0,0.0
1672,hr35s__tu,-1.0,-1.0,0.0
1944,index01__tu,-1.0,-1.0,0.0
211,aut225__tu,-1.0,-1.0,0.0
1621,g308s__tu,-1.0,-1.0,0.0
1601,lm21s__tu,-1.0,-1.0,0.0
386,mt57s__tu,-1.0,-1.0,0.0
140,rev252__tu,-1.0,-1.0,0.0
177,ret14__tu,-1.0,-1.0,0.0
169,bkc122__tu,-1.0,-1.0,0.0
419,re03s__tu,-1.0,-1.0,0.0
400,re29s__tu,-1.0,-1.0,0.0
346,st02s__tu,-1.0,-1.0,0.0
1689,hi35s__tu,-1.0,-1.0,0.0
149,ret112__tu,-1.0,-1.0,0.0
1859,bc12s__tu,-1.0,-1.0,0.0
174,ret11__tu,-1.0,-1.0,0.0
1571,in29s__tu,1.0,1.0,0.0
1564,in12s__tu,1.0,1.0,0.0
1769,cv02__tu,-1.0,-1.0,0.0
25,std255__tu,-1.0,-1.0,0.0
1474,fc04s__tu,-1.0,-1.0,0.0
515,jt70s__tu,-1.0,-1.0,0.0
1866,bc29s__tu,-1.0,-1.0,0.0
1607,lm27s__tu,-1.0,-1.0,0.0
1856,bc03s__tu,-1.0,-1.0,0.0
1420,g201b__tu,-2.0,-2.0,0.0
1763,paymnt07__tu,-2.0,-2.0,0.0
91,walsrvs2__tu,-1.0,-1.0,0.0
966,linkt004__tu,1.0,1.0,0.0
1901,bi31s__tu,-1.0,-1.0,0.0
1529,fi29s__tu,-1.0,-1.0,0.0
1416,g042c__tu,-1.0,-1.0,0.0
1549,lm17s__tu,-1.0,-1.0,0.0
1884,au31s__tu,-1.0,-1.0,0.0
1908,bi09s__tu,-1.0,-1.0,0.0
1418,g043c__tu,-1.0,-1.0,0.0
557,se36s__tu,-1.0,-1.0,0.0
265,rle901__tu,-1.0,-1.0,0.0
1619,g306s__tu,1.0,1.0,0.0
523,us21s__tu,-1.0,-1.0,0.0
1828,trv23__tu,-1.0,-1.0,0.0
1887,au34s__tu,-1.0,-1.0,0.0
885,addrchangecount60month__ln,1.0,1.0,0.0
489,rtdexq2__tu,-1.0,-1.0,0.0
844,addrcurrenttimenewest__ln,1.0,1.0,0.0
1437,g224b__tu,3.0,3.0,0.0
447,us51a__tu,-1.0,-1.0,0.0
1406,g001c__tu,-1.0,-1.0,0.0
1522,fi12s__tu,-1.0,-1.0,0.0
1563,in09s__tu,1.0,1.0,0.0
121,ret252__tu,-1.0,-1.0,0.0
745,inputprovidedphone__ln,1.0,1.0,0.0
1883,au30s__tu,-1.0,-1.0,0.0
1414,g041c__tu,-1.0,-1.0,0.0
1895,bi24s__tu,-1.0,-1.0,0.0
33,per254__tu,-1.0,-1.0,0.0
699,lienjudgmenttimenewest__ln,-1.0,-1.0,0.0
1590,mt25s__tu,-1.0,-1.0,0.0
1993,aggs908__tu,-1.0,-1.0,0.0
1591,mt27s__tu,-1.0,-1.0,0.0
353,st21s__tu,-1.0,-1.0,0.0
617,pti__app,0.09,0.09,0.0
1583,mt03s__tu,-1.0,-1.0,0.0
365,of30s__tu,-1.0,-1.0,0.0
352,st20s__tu,-1.0,-1.0,0.0
1589,mt24s__tu,-1.0,-1.0,0.0
1509,fr27s__tu,-1.0,-1.0,0.0
692,addrinputownershipindex__ln,1.0,1.0,0.0
1586,mt12s__tu,-1.0,-1.0,0.0
1593,mt29s__tu,-1.0,-1.0,0.0
452,g200b__tu,100.0,100.0,0.0
827,addrcurrentownershipindex__ln,1.0,1.0,0.0
1637,g303s__tu,9.0,9.0,0.0
144,ret142__tu,-1.0,-1.0,0.0
240,per205__tu,-1.0,-1.0,0.0
1505,fr12s__tu,-1.0,-1.0,0.0
1826,trv21__tu,-2.0,-2.0,0.0
875,addrprevioussubjectowned__ln,1.0,1.0,0.0
1906,bi36s__tu,-1.0,-1.0,0.0
1737,cv09__tu,-1.0,-1.0,0.0
621,bitdebtor__app,1.0,1.0,0.0
1880,au27s__tu,-3.0,-3.0,0.0
1316,linka080__tu,99999.0,99999.0,0.0
238,aut201__tu,-2.0,-2.0,0.0
1330,linka009__tu,99999.0,99999.0,0.0
1331,linka039__tu,99999.0,99999.0,0.0
1634,hi03s__tu,-1.0,-1.0,0.0
145,ret83__tu,-1.0,-1.0,0.0
1679,hi24s__tu,-1.0,-1.0,0.0
1681,hi27s__tu,-1.0,-1.0,0.0
1680,hi25s__tu,-1.0,-1.0,0.0
1683,hi29s__tu,-1.0,-1.0,0.0
1655,hi12s__tu,-1.0,-1.0,0.0
14,rev325__tu,-1.0,-1.0,0.0
460,au200s__tu,1.0,1.0,0.0
1899,bi30s__tu,-1.0,-1.0,0.0
1370,linka081__tu,99999.0,99999.0,0.0
1372,linka085__tu,99999.0,99999.0,0.0
1821,trv17__tu,-2.0,-2.0,0.0
754,sourcecredheadertimenewest__ln,1.0,1.0,0.0
1471,fi03s__tu,-1.0,-1.0,0.0
1502,fr03s__tu,-1.0,-1.0,0.0
1896,bi25s__tu,-1.0,-1.0,0.0
221,per201__tu,-1.0,-1.0,0.0
266,rle902__tu,-1.0,-1.0,0.0
1650,g251b__tu,3.0,3.0,0.0
605,bitgap__app,1.0,1.0,0.0
361,of34s__tu,-1.0,-1.0,0.0
1371,linka084__tu,99999.0,99999.0,0.0
381,of20s__tu,-1.0,-1.0,0.0
583,se20s__tu,-1.0,-1.0,0.0
1512,fr29s__tu,-1.0,-1.0,0.0
286,rt34s__tu,-1.0,-1.0,0.0
670,assetpropsaletimenewest__ln,-1.0,-1.0,0.0
1897,bi27s__tu,-1.0,-1.0,0.0
162,ret81__tu,-1.0,-1.0,0.0
584,se21s__tu,-1.0,-1.0,0.0
431,pb35s__tu,-1.0,-1.0,0.0
1661,hr21s__tu,-1.0,-1.0,0.0
299,rt30s__tu,-1.0,-1.0,0.0
341,st30s__tu,-1.0,-1.0,0.0
1645,g241s__tu,-1.0,-1.0,0.0
1461,fr36s__tu,-1.0,-1.0,0.0
1835,agg902__tu,1.0,1.0,0.0
1910,bi03s__tu,-1.0,-1.0,0.0
650,evictiontimenewest__ln,-1.0,-1.0,0.0
1772,rvlr01__tu,-1.0,-1.0,0.0
469,g401s__tu,-1.0,-1.0,0.0
224,per204__tu,-1.0,-1.0,0.0
1744,walshr09__tu,-2.0,-2.0,0.0
228,aut203__tu,-1.0,-1.0,0.0
468,g400s__tu,-1.0,-1.0,0.0
88,rvdexq3__tu,-1.0,-1.0,0.0
534,us02s__tu,-1.0,-1.0,0.0
209,aut223__tu,-1.0,-1.0,0.0
1592,mt28s__tu,-1.0,-1.0,0.0
591,se31s__tu,-1.0,-1.0,0.0
1892,bi12s__tu,-1.0,-1.0,0.0
1891,bi29s__tu,-1.0,-1.0,0.0
1503,fr06s__tu,-1.0,-1.0,0.0
727,intservicecontractmileage__app,120000.0,120000.0,0.0
71,ret315__tu,-1.0,-1.0,0.0
519,us06s__tu,-1.0,-1.0,0.0
636,criminalfelonytimenewest__ln,-1.0,-1.0,0.0
530,us31s__tu,-1.0,-1.0,0.0
408,re30s__tu,-1.0,-1.0,0.0
86,rvdexq2__tu,-1.0,-1.0,0.0
89,rvdexq4__tu,-1.0,-1.0,0.0
413,re34s__tu,-1.0,-1.0,0.0
656,assetproppurchasetimeoldest__ln,-1.0,-1.0,0.0
131,aut253__tu,-1.0,-1.0,0.0
1765,paymnt09__tu,-2.0,-2.0,0.0
147,ret92__tu,-1.0,-1.0,0.0
69,bkc327__tu,-1.0,-1.0,0.0
410,re31s__tu,-1.0,-1.0,0.0
1823,trv18__tu,-1.0,-1.0,0.0
573,se35s__tu,-1.0,-1.0,0.0
664,assetproppurchasetimenewest__ln,-1.0,-1.0,0.0
470,g402s__tu,-1.0,-1.0,0.0
337,mtap01__tu,-1.0,-1.0,0.0
325,st35s__tu,-1.0,-1.0,0.0
252,per224__tu,-1.0,-1.0,0.0
578,se02s__tu,-1.0,-1.0,0.0
1827,trv22__tu,-1.0,-1.0,0.0
1488,br24s__tu,-1.0,-1.0,0.0
1918,bc102s__tu,-1.0,-1.0,0.0
1487,br21s__tu,8.0,8.0,0.0
1824,trv19__tu,-1.0,-1.0,0.0
283,rt31s__tu,-1.0,-1.0,0.0
132,aut254__tu,-1.0,-1.0,0.0
1911,bi02s__tu,-1.0,-1.0,0.0
31,per252__tu,-1.0,-1.0,0.0
217,per222__tu,-1.0,-1.0,0.0
222,per202__tu,-1.0,-1.0,0.0
780,subjectwillingnessindex__ln,1.0,1.0,0.0
744,bitdealertrack__app,1.0,1.0,0.0
324,st34s__tu,-1.0,-1.0,0.0
491,rtdexq4__tu,-1.0,-1.0,0.0
597,rtl_trd__tu,1.0,1.0,0.0
340,st31s__tu,-1.0,-1.0,0.0
1398,g200s__tu,100.0,100.0,0.0
328,st50s__tu,-1.0,-1.0,0.0
638,derogseverityindex__ln,1.0,1.0,0.0
1756,walshr10__tu,-2.0,-2.0,0.0
1576,lm16s__tu,-1.0,-1.0,0.0
1820,trv15__tu,-1.0,-1.0,0.0
1813,trv16__tu,-1.0,-1.0,0.0
574,se34s__tu,-1.0,-1.0,0.0
890,mt33s__tu,-1.0,-1.0,0.0
1615,in02s__tu,1.0,1.0,0.0
383,mt35s__tu,-1.0,-1.0,0.0
241,per223__tu,-1.0,-1.0,0.0
1197,mt32s__tu,-1.0,-1.0,0.0
1718,rvlr05__tu,-1.0,-1.0,0.0
1825,trv20__tu,-1.0,-1.0,0.0
223,per203__tu,-1.0,-1.0,0.0
580,se06s__tu,-1.0,-1.0,0.0
478,rtdex01__tu,-1.0,-1.0,0.0
529,us30s__tu,-1.0,-1.0,0.0
1411,g020s__tu,2.0,2.0,0.0
1705,walshr07__tu,-2.0,-2.0,0.0
540,g099a__tu,-1.0,-1.0,0.0
309,rt01s__tu,1.0,1.0,0.0
1842,agg909__tu,1.0,1.0,0.0
590,se30s__tu,-1.0,-1.0,0.0
533,us34s__tu,-1.0,-1.0,0.0
753,sourcecredheadertimeoldest__ln,263.0,263.0,0.0
418,re06s__tu,0.0,0.0,
1745,cv17__tu,0.0,0.0,
473,g405s__tu,0.0,0.0,
1743,cv16__tu,0.0,0.0,
155,rvlr70__tu,0.0,0.0,
1465,co02s__tu,0.0,0.0,
458,g408s__tu,0.0,0.0,
1430,g221a__tu,0.0,0.0,
157,rvlr72__tu,0.0,0.0,
1722,rvlr09__tu,0.0,0.0,
159,rvlr74__tu,0.0,0.0,
472,g404s__tu,0.0,0.0,
180,rvlr76__tu,0.0,0.0,
1457,g218a__tu,0.0,0.0,
471,g403s__tu,0.0,0.0,
1721,rvlr08__tu,0.0,0.0,
374,pb01s__tu,0.0,0.0,
1567,in24s__tu,0.0,0.0,
698,lienjudgmentothercount__ln,0.0,0.0,
313,rt09s__tu,0.0,0.0,
682,addronfilecorrectional__ln,0.0,0.0,
1644,g240s__tu,0.0,0.0,
707,shorttermloanrequest__ln,0.0,0.0,
1694,br02s__tu,0.0,0.0,
156,rvlr71__tu,0.0,0.0,
696,inquirytelcom12month__ln,0.0,0.0,
92,rvlr61__tu,0.0,0.0,
1433,g221d__tu,0.0,0.0,
1720,rvlr07__tu,0.0,0.0,
1857,bc06s__tu,0.0,0.0,
1855,bc02s__tu,0.0,0.0,
645,purchaseactivityindex__ln,0.0,0.0,
1831,trv07__tu,0.0,0.0,
791,linkc008__tu,0.0,0.0,
1225,linka033__tu,0.0,0.0,
736,fltinsuredlifeamount__app,0.0,0.0,
655,linkc051__tu,0.0,0.0,
734,fltinsureddisabilityamount__app,0.0,0.0,
731,fltapprovedservicecontract__app,0.0,0.0,
637,purchaseactivitydollartotal__ln,0.0,0.0,
1317,linka060__tu,0.0,0.0,
823,linkc038__tu,0.0,0.0,
794,linkc012__tu,0.0,0.0,
1309,linka054__tu,0.0,0.0,
42,ret324__tu,0.0,0.0,
803,linkc005__tu,0.0,0.0,
41,ret323__tu,0.0,0.0,
56,ret322__tu,0.0,0.0,
57,ret321__tu,0.0,0.0,
66,bkc324__tu,0.0,0.0,
65,bkc323__tu,0.0,0.0,
64,bkc322__tu,0.0,0.0,
13,rev324__tu,0.0,0.0,
962,linkf213__tu,0.0,0.0,
63,bkc321__tu,0.0,0.0,
12,rev323__tu,0.0,0.0,
11,rev322__tu,0.0,0.0,
1196,linkf082__tu,0.0,0.0,
1206,linka028__tu,0.0,0.0,
10,rev321__tu,0.0,0.0,
726,intservicecontractmileageaddon__app,0.0,0.0,
808,linkc039__tu,0.0,0.0,
796,linkc043__tu,0.0,0.0,
807,linkc040__tu,0.0,0.0,
1359,linkb012__tu,0.0,0.0,
806,linkc041__tu,0.0,0.0,
804,linkc004__tu,0.0,0.0,
801,linkc047__tu,0.0,0.0,
800,linkc046__tu,0.0,0.0,
1319,linka062__tu,0.0,0.0,
822,linkc030__tu,0.0,0.0,
820,linkc034__tu,0.0,0.0,
799,linkc045__tu,0.0,0.0,
821,linkc035__tu,0.0,0.0,
819,linkc033__tu,0.0,0.0,
798,linkc044__tu,0.0,0.0,
792,linkc009__tu,0.0,0.0,
795,linkc011__tu,0.0,0.0,
818,linkc032__tu,0.0,0.0,
817,linkc031__tu,0.0,0.0,
437,s063a__tu,0.0,0.0,
1318,linka061__tu,0.0,0.0,
436,s063s__tu,0.0,0.0,
728,intservicecontractterm__app,0.0,0.0,
802,linkc049__tu,0.0,0.0,
389,md33s__tu,0.0,0.0,
1429,g220d__tu,0.0,0.0,
805,linkc042__tu,0.0,0.0,
741,fltservicecontract__app,0.0,0.0,
281,fltallowance__app,0.0,0.0,
1379,linka079__tu,0.0,0.0,
793,linkc050__tu,0.0,0.0,
729,bitrouteone__app,0.0,0.0,
1369,linka032__tu,0.0,0.0,
1018,linkf123__tu,0.0,0.0,
1364,linka083__tu,0.0,0.0,
1499,fi06s__tu,0.0,0.0,
1042,linkf136__tu,0.0,0.0,
158,rvlr73__tu,0.0,0.0,
450,reap02__tu,0.0,0.0,
439,g418s__tu,0.0,0.0,
1378,linka078__tu,0.0,0.0,
1476,fc06s__tu,0.0,0.0,
936,linkd014__tu,0.0,0.0,
1311,linka056__tu,0.0,0.0,
1425,g219d__tu,0.0,0.0,
1484,br09s__tu,0.0,0.0,
1368,linka072__tu,0.0,0.0,
93,rvlr62__tu,0.0,0.0,
716,fltmaintenanceagreement__app,0.0,0.0,
1542,lm01s__tu,0.0,0.0,
1290,linkf048__tu,0.0,0.0,
649,evictioncount12month__ln,0.0,0.0,
1915,bc97b__tu,0.0,0.0,
1632,hi01s__tu,0.0,0.0,
1367,linka071__tu,0.0,0.0,
934,linkd001__tu,0.0,0.0,
1753,cv06__tu,0.0,0.0,
935,linkd004__tu,0.0,0.0,
1375,linka075__tu,0.0,0.0,
1366,linka070__tu,0.0,0.0,
160,rvlr75__tu,0.0,0.0,
1220,linka002__tu,0.0,0.0,
1354,linka068__tu,0.0,0.0,
1214,linka040__tu,0.0,0.0,
1212,linka005__tu,0.0,0.0,
1213,linka010__tu,0.0,0.0,
1310,linka055__tu,0.0,0.0,
1554,lm13s__tu,0.0,0.0,
1306,linka059__tu,0.0,0.0,
1952,cv29__tu,0.0,0.0,
306,rp06s__tu,0.0,0.0,
1377,linka077__tu,0.0,0.0,
153,rvlr77__tu,0.0,0.0,
1605,lm25s__tu,0.0,0.0,
1691,hi57s__tu,0.0,0.0,
1312,linka057__tu,0.0,0.0,
1365,linka069__tu,0.0,0.0,
1221,linka023__tu,0.0,0.0,
809,linkc007__tu,0.0,0.0,
1313,linka058__tu,0.0,0.0,
433,pb57s__tu,0.0,0.0,
937,linkd008__tu,0.0,0.0,
1677,hr01s__tu,0.0,0.0,
1442,g218d__tu,0.0,0.0,
1470,fc01s__tu,0.0,0.0,
933,linkt011__tu,0.0,0.0,
789,linkc037__tu,0.0,0.0,
1039,linkf133__tu,0.0,0.0,
1376,linka076__tu,0.0,0.0,
1692,hi101s__tu,0.0,0.0,
1374,linka074__tu,0.0,0.0,
1616,hr101s__tu,0.0,0.0,
1211,linka011__tu,0.0,0.0,
1483,br06s__tu,0.0,0.0,
307,rp07s__tu,0.0,0.0,
1441,g219a__tu,0.0,0.0,
94,rvlr63__tu,0.0,0.0,
815,linkc029__tu,0.0,0.0,
1314,linka031__tu,0.0,0.0,
1041,linkf135__tu,0.0,0.0,
1929,cv27__tu,0.0,0.0,
1320,linka063__tu,0.0,0.0,
1322,linka065__tu,0.0,0.0,
1282,linkf079__tu,0.0,0.0,
1836,agg903__tu,0.0,0.0,
1321,linka064__tu,0.0,0.0,
816,linkc024__tu,0.0,0.0,
1907,bi57s__tu,0.0,0.0,
1292,linkf050__tu,0.0,0.0,
797,linkc020__tu,0.0,0.0,
1040,linkf134__tu,0.0,0.0,
814,linkc028__tu,0.0,0.0,
1641,g235s__tu,0.0,0.0,
334,hiap01__tu,0.0,0.0,
1686,hi32s__tu,0.0,0.0,
1687,hi33s__tu,0.0,0.0,
329,st57s__tu,0.0,0.0,
947,linkd012__tu,0.0,0.0,
1837,agg904__tu,0.0,0.0,
1435,g223s__tu,0.0,0.0,
1301,linkf059__tu,0.0,0.0,
1315,linka082__tu,0.0,0.0,
790,linkc036__tu,0.0,0.0,
1209,linka003__tu,0.0,0.0,
813,linkc027__tu,0.0,0.0,
898,linkf189__tu,0.0,0.0,
642,criminalfelonycount__ln,0.0,0.0,
1682,hi28s__tu,0.0,0.0,
1444,g206s__tu,0.0,0.0,
1210,linka025__tu,0.0,0.0,
114,rvlr64__tu,0.0,0.0,
1519,fr01s__tu,0.0,0.0,
644,criminalnonfelonycount__ln,0.0,0.0,
1746,cv18__tu,0.0,0.0,
1342,linka066__tu,0.0,0.0,
1924,bc109s__tu,0.0,0.0,
454,g206b__tu,0.0,0.0,
1284,linkf064__tu,0.0,0.0,
881,addrchangecount03month__ln,0.0,0.0,
1278,linkf075__tu,0.0,0.0,
1773,cv25__tu,0.0,0.0,
643,criminalfelonycount12month__ln,0.0,0.0,
812,linkc026__tu,0.0,0.0,
496,rets121__tu,0.0,0.0,
558,se57s__tu,0.0,0.0,
1265,linkf044__tu,0.0,0.0,
1238,linkf035__tu,0.0,0.0,
1469,co06s__tu,0.0,0.0,
787,linkc006__tu,0.0,0.0,
372,of57s__tu,0.0,0.0,
335,hrap01__tu,0.0,0.0,
901,linkf192__tu,0.0,0.0,
268,rle904__tu,0.0,0.0,
1037,linkf131__tu,0.0,0.0,
1951,cv28__tu,0.0,0.0,
566,jt33s__tu,0.0,0.0,
929,linkf200__tu,0.0,0.0,
479,rets123__tu,0.0,0.0,
1794,agg801__tu,0.0,0.0,
1030,linkf124__tu,0.0,0.0,
1849,cv24__tu,0.0,0.0,
302,rt02s__tu,0.0,0.0,
501,rets106__tu,0.0,0.0,
467,au207s__tu,0.0,0.0,
87,rvlr65__tu,0.0,0.0,
1462,co07s__tu,0.0,0.0,
1793,agg802__tu,0.0,0.0,
1272,linkf069__tu,0.0,0.0,
1036,linkf130__tu,0.0,0.0,
510,rets115__tu,0.0,0.0,
1295,linkf053__tu,0.0,0.0,
1268,linkf065__tu,0.0,0.0,
495,rets122__tu,0.0,0.0,
269,rle905__tu,0.0,0.0,
480,rets124__tu,0.0,0.0,
1363,linkb001__tu,0.0,0.0,
1562,in06s__tu,0.0,0.0,
1343,linka067__tu,0.0,0.0,
1717,rvlr04__tu,0.0,0.0,
711,inquirybanking12month__ln,0.0,0.0,
1426,g220a__tu,0.0,0.0,
1463,br109s__tu,0.0,0.0,
513,rets118__tu,0.0,0.0,
498,rets119__tu,0.0,0.0,
508,rets113__tu,0.0,0.0,
497,rets120__tu,0.0,0.0,
1809,agg724__tu,0.0,0.0,
1355,linkb010__tu,0.0,0.0,
784,addrinputphoneservice__ln,0.0,0.0,
907,linkf198__tu,0.0,0.0,
828,addrcurrentphoneservice__ln,0.0,0.0,
506,rets111__tu,0.0,0.0,
434,pb101s__tu,0.0,0.0,
1466,co03s__tu,0.0,0.0,
896,linkf187__tu,0.0,0.0,
507,rets112__tu,0.0,0.0,
120,ret235__tu,0.0,0.0,
504,rets109__tu,0.0,0.0,
1031,linkf125__tu,0.0,0.0,
811,linkc025__tu,0.0,0.0,
270,rle906__tu,0.0,0.0,
1723,rvlr10__tu,0.0,0.0,
1298,linkf056__tu,0.0,0.0,
305,rp05s__tu,0.0,0.0,
1808,agg723__tu,0.0,0.0,
1669,hr32s__tu,0.0,0.0,
1670,hr33s__tu,0.0,0.0,
939,linkd005__tu,0.0,0.0,
571,jt44s__tu,0.0,0.0,
289,rt57s__tu,0.0,0.0,
511,rets116__tu,0.0,0.0,
953,linkf204__tu,0.0,0.0,
373,of101s__tu,0.0,0.0,
1792,agg803__tu,0.0,0.0,
1791,agg804__tu,0.0,0.0,
1807,agg722__tu,0.0,0.0,
648,evictioncount__ln,0.0,0.0,
945,linkd006__tu,0.0,0.0,
115,rvlr66__tu,0.0,0.0,
665,assetpersonal__ln,0.0,0.0,
668,assetpropsoldcount12month__ln,0.0,0.0,
282,rt101s__tu,0.0,0.0,
1657,hr28s__tu,0.0,0.0,
503,rets108__tu,0.0,0.0,
509,rets114__tu,0.0,0.0,
943,linkd010__tu,0.0,0.0,
892,linkf183__tu,0.0,0.0,
996,linkf090__tu,0.0,0.0,
483,rets903__tu,0.0,0.0,
1219,linka004__tu,0.0,0.0,
1253,linkf011__tu,0.0,0.0,
995,linkf089__tu,0.0,0.0,
74,ret318__tu,0.0,0.0,
59,ret319__tu,0.0,0.0,
448,rets101__tu,0.0,0.0,
502,rets107__tu,0.0,0.0,
189,bitlhmgroup__app,0.0,0.0,
1035,linkf129__tu,0.0,0.0,
994,linkf088__tu,0.0,0.0,
1806,agg721__tu,0.0,0.0,
715,bitmaintenanceagreement__app,0.0,0.0,
706,bankruptcydismissed24month__ln,0.0,0.0,
871,phoneinputproblems__ln,0.0,0.0,
482,rets902__tu,0.0,0.0,
678,ssndeceased__ln,0.0,0.0,
72,ret316__tu,0.0,0.0,
285,rt33s__tu,0.0,0.0,
73,ret317__tu,0.0,0.0,
1805,agg720__tu,0.0,0.0,
983,linkf116__tu,0.0,0.0,
1775,agg805__tu,0.0,0.0,
368,of33s__tu,0.0,0.0,
1267,linkf072__tu,0.0,0.0,
941,linkd009__tu,0.0,0.0,
899,linkf191__tu,0.0,0.0,
564,jt28s__tu,0.0,0.0,
119,ret234__tu,0.0,0.0,
870,phoneinputsubjectcount__ln,0.0,0.0,
993,linkf087__tu,0.0,0.0,
481,rets901__tu,0.0,0.0,
944,linkd013__tu,0.0,0.0,
300,rt28s__tu,0.0,0.0,
363,of28s__tu,0.0,0.0,
1776,agg806__tu,0.0,0.0,
1804,agg719__tu,0.0,0.0,
700,lienjudgmentdollartotal__ln,0.0,0.0,
484,rets904__tu,0.0,0.0,
499,rets104__tu,0.0,0.0,
1007,linkf122__tu,0.0,0.0,
476,rets102__tu,0.0,0.0,
1431,g221c__tu,0.0,0.0,
674,lienjudgmentsmallclaimscount__ln,0.0,0.0,
1269,linkf066__tu,0.0,0.0,
1234,linkf031__tu,0.0,0.0,
1443,g218c__tu,0.0,0.0,
116,std231__tu,0.0,0.0,
1244,linkf041__tu,0.0,0.0,
487,rets103__tu,0.0,0.0,
1261,linkf019__tu,0.0,0.0,
500,rets105__tu,0.0,0.0,
906,linkf197__tu,0.0,0.0,
1240,linkf037__tu,0.0,0.0,
505,rets110__tu,0.0,0.0,
1262,linkf020__tu,0.0,0.0,
1846,trv02__tu,0.0,0.0,
992,linkf086__tu,0.0,0.0,
290,rt201s__tu,0.0,0.0,
1424,g219c__tu,0.0,0.0,
1005,linkf099__tu,0.0,0.0,
990,linkf100__tu,0.0,0.0,
1044,linkf138__tu,0.0,0.0,
1028,linkf140__tu,0.0,0.0,
1158,agg324__tu,0.0,0.0,
512,rets117__tu,0.0,0.0,
1428,g220c__tu,0.0,0.0,
1043,linkf137__tu,0.0,0.0,
654,assetpersonalcount__ln,0.0,0.0,
75,std234__tu,0.0,0.0,
979,linkf121__tu,0.0,0.0,
367,of32s__tu,0.0,0.0,
2000,at06s__tu,0.0,0.0,
982,linkf115__tu,0.0,0.0,
981,linkf114__tu,0.0,0.0,
1954,aggs101__tu,0.0,0.0,
1175,agg323__tu,0.0,0.0,
969,linkf160__tu,0.0,0.0,
1259,linkf017__tu,0.0,0.0,
980,linkf113__tu,0.0,0.0,
1011,linkf144__tu,0.0,0.0,
942,linkd011__tu,0.0,0.0,
1174,agg322__tu,0.0,0.0,
420,re02s__tu,0.0,0.0,
284,rt32s__tu,0.0,0.0,
1516,fr33s__tu,0.0,0.0,
77,std232__tu,0.0,0.0,
1008,linkf159__tu,0.0,0.0,
673,lienjudgmentcount12month__ln,0.0,0.0,
1803,agg718__tu,0.0,0.0,
989,linkf101__tu,0.0,0.0,
1022,linkf155__tu,0.0,0.0,
968,linkf161__tu,0.0,0.0,
1304,linkf004__tu,0.0,0.0,
1024,linkf157__tu,0.0,0.0,
1023,linkf156__tu,0.0,0.0,
1258,linkf016__tu,0.0,0.0,
1025,linkf158__tu,0.0,0.0,
559,se101s__tu,0.0,0.0,
967,linkf162__tu,0.0,0.0,
1010,linkf143__tu,0.0,0.0,
893,linkf184__tu,0.0,0.0,
1344,linkf003__tu,0.0,0.0,
978,linkf112__tu,0.0,0.0,
709,shorttermloanrequest24month__ln,0.0,0.0,
991,linkf085__tu,0.0,0.0,
630,bitnew__app,0.0,0.0,
697,lienjudgmentforeclosurecount__ln,0.0,0.0,
1017,linkf151__tu,0.0,0.0,
1362,linkb014__tu,0.0,0.0,
1226,linka034__tu,0.0,0.0,
973,linkf106__tu,0.0,0.0,
671,assetpropnewestsaleprice__ln,0.0,0.0,
882,addrchangecount06month__ln,0.0,0.0,
1923,bc108s__tu,0.0,0.0,
1498,fi02s__tu,0.0,0.0,
1270,linkf067__tu,0.0,0.0,
1778,agg808__tu,0.0,0.0,
1233,linkf030__tu,0.0,0.0,
675,lienjudgmentcourtcount__ln,0.0,0.0,
1173,agg321__tu,0.0,0.0,
1009,linkf150__tu,0.0,0.0,
76,std233__tu,0.0,0.0,
118,ret233__tu,0.0,0.0,
1477,fc07s__tu,0.0,0.0,
136,rev232__tu,0.0,0.0,
1019,linkf152__tu,0.0,0.0,
1013,linkf146__tu,0.0,0.0,
1434,g222s__tu,0.0,0.0,
997,linkf091__tu,0.0,0.0,
1020,linkf153__tu,0.0,0.0,
1299,linkf057__tu,0.0,0.0,
1777,agg807__tu,0.0,0.0,
1337,linka046__tu,0.0,0.0,
959,linkf210__tu,0.0,0.0,
1289,linkf047__tu,0.0,0.0,
662,assetpropcurrenttaxtotal__ln,0.0,0.0,
1026,linkf142__tu,0.0,0.0,
970,linkf111__tu,0.0,0.0,
1172,agg320__tu,0.0,0.0,
1468,co05s__tu,0.0,0.0,
1243,linkf040__tu,0.0,0.0,
1171,agg319__tu,0.0,0.0,
1874,au09s__tu,0.0,0.0,
1328,linka037__tu,0.0,0.0,
588,se28s__tu,0.0,0.0,
1779,agg809__tu,0.0,0.0,
627,intopenbktype__app,0.0,0.0,
1260,linkf018__tu,0.0,0.0,
554,us57s__tu,0.0,0.0,
1096,agg624__tu,0.0,0.0,
905,linkf196__tu,0.0,0.0,
1257,linkf015__tu,0.0,0.0,
774,subjectdeceased__ln,0.0,0.0,
1014,linkf147__tu,0.0,0.0,
1329,linka008__tu,0.0,0.0,
1449,g211s__tu,0.0,0.0,
1780,agg810__tu,0.0,0.0,
957,linkf208__tu,0.0,0.0,
1016,linkf149__tu,0.0,0.0,
1914,bc97a__tu,0.0,0.0,
330,st99s__tu,0.0,0.0,
705,bankruptcystatus__ln,0.0,0.0,
1095,agg623__tu,0.0,0.0,
897,linkf188__tu,0.0,0.0,
903,linkf194__tu,0.0,0.0,
1325,linka012__tu,0.0,0.0,
1515,fr32s__tu,0.0,0.0,
1323,linka016__tu,0.0,0.0,
536,at01a__tu,0.0,0.0,
1034,linkf128__tu,0.0,0.0,
1335,linka015__tu,0.0,0.0,
1239,linkf036__tu,0.0,0.0,
658,assetprop__ln,0.0,0.0,
1170,agg318__tu,0.0,0.0,
1802,agg717__tu,0.0,0.0,
1338,linka047__tu,0.0,0.0,
657,assetownership__ln,0.0,0.0,
661,assetpropcurrentcount__ln,0.0,0.0,
449,hrap02__tu,0.0,0.0,
126,rev231__tu,0.0,0.0,
862,addrcurrentcorrectional__ln,0.0,0.0,
1916,bc98a__tu,0.0,0.0,
575,se33s__tu,0.0,0.0,
1195,linkf084__tu,0.0,0.0,
1093,agg622__tu,0.0,0.0,
1308,linka038__tu,0.0,0.0,
1349,linkb004__tu,0.0,0.0,
1085,agg621__tu,0.0,0.0,
1353,linkb018__tu,0.0,0.0,
1015,linkf148__tu,0.0,0.0,
1274,linkf071__tu,0.0,0.0,
1938,aggs901__tu,0.0,0.0,
652,lienjudgmentcount__ln,0.0,0.0,
1027,linkf141__tu,0.0,0.0,
659,assetpropindex__ln,0.0,0.0,
977,linkf110__tu,0.0,0.0,
576,se32s__tu,0.0,0.0,
1254,linkf012__tu,0.0,0.0,
1247,linkf023__tu,0.0,0.0,
922,linkf173__tu,0.0,0.0,
1296,linkf054__tu,0.0,0.0,
1092,agg620__tu,0.0,0.0,
879,addrpreviouscorrectional__ln,0.0,0.0,
1245,linkf025__tu,0.0,0.0,
925,linkf176__tu,0.0,0.0,
1229,linkf026__tu,0.0,0.0,
923,linkf174__tu,0.0,0.0,
359,rp01s__tu,0.0,0.0,
429,pb33s__tu,0.0,0.0,
1955,aggs102__tu,0.0,0.0,
909,linkf180__tu,0.0,0.0,
1169,agg317__tu,0.0,0.0,
1479,br101s__tu,0.0,0.0,
1801,agg716__tu,0.0,0.0,
1336,linka045__tu,0.0,0.0,
1091,agg619__tu,0.0,0.0,
137,rev233__tu,0.0,0.0,
849,addrinputtaxvalue__ln,0.0,0.0,
1276,linkf045__tu,0.0,0.0,
1327,linka007__tu,0.0,0.0,
1198,linkf081__tu,0.0,0.0,
1339,linka017__tu,0.0,0.0,
1004,linkf098__tu,0.0,0.0,
825,addrcurrenttaxvalue__ln,0.0,0.0,
1307,linka013__tu,0.0,0.0,
1281,linkf078__tu,0.0,0.0,
95,revs124__tu,0.0,0.0,
1480,br57s__tu,0.0,0.0,
1090,agg618__tu,0.0,0.0,
708,shorttermloanrequest12month__ln,0.0,0.0,
920,linkf179__tu,0.0,0.0,
1167,agg316__tu,0.0,0.0,
1334,linka044__tu,0.0,0.0,
660,assetpropevercount__ln,0.0,0.0,
1006,linkf120__tu,0.0,0.0,
640,derogcount12month__ln,0.0,0.0,
1982,at57s__tu,0.0,0.0,
1089,agg617__tu,0.0,0.0,
1029,linkf139__tu,0.0,0.0,
1159,agg315__tu,0.0,0.0,
1774,agg812__tu,0.0,0.0,
927,linkf178__tu,0.0,0.0,
976,linkf109__tu,0.0,0.0,
416,re57s__tu,0.0,0.0,
952,linkf203__tu,0.0,0.0,
1800,agg715__tu,0.0,0.0,
832,addrcurrentlastsalesprice__ln,0.0,0.0,
1088,agg616__tu,0.0,0.0,
1346,linkb005__tu,0.0,0.0,
910,linkf083__tu,0.0,0.0,
96,revs123__tu,0.0,0.0,
1940,aggs902__tu,0.0,0.0,
1087,agg615__tu,0.0,0.0,
988,linkf102__tu,0.0,0.0,
748,educationattendance__ln,0.0,0.0,
848,addrinputlastsaleprice__ln,0.0,0.0,
1204,linka026__tu,0.0,0.0,
1922,bc107s__tu,0.0,0.0,
134,ret232__tu,0.0,0.0,
1032,linkf126__tu,0.0,0.0,
702,bankruptcycount24month__ln,0.0,0.0,
135,ret231__tu,0.0,0.0,
1279,linkf076__tu,0.0,0.0,
971,linkf104__tu,0.0,0.0,
1324,linka014__tu,0.0,0.0,
1581,mt01s__tu,0.0,0.0,
1782,agg813__tu,0.0,0.0,
428,pb32s__tu,0.0,0.0,
1956,aggs103__tu,0.0,0.0,
9,all235__tu,0.0,0.0,
1781,agg811__tu,0.0,0.0,
926,linkf177__tu,0.0,0.0,
1511,fr28s__tu,0.0,0.0,
676,addronfilehighrisk__ln,0.0,0.0,
97,revs122__tu,0.0,0.0,
1373,linka073__tu,0.0,0.0,
940,linkf202__tu,0.0,0.0,
1166,agg314__tu,0.0,0.0,
1086,agg614__tu,0.0,0.0,
1799,agg714__tu,0.0,0.0,
1275,linkf073__tu,0.0,0.0,
646,criminalnonfelonycount12month__ln,0.0,0.0,
1333,linka043__tu,0.0,0.0,
680,ssnproblems__ln,0.0,0.0,
1102,agg613__tu,0.0,0.0,
39,bkc316__tu,0.0,0.0,
928,linkf199__tu,0.0,0.0,
1913,bc57s__tu,0.0,0.0,
322,st60s__tu,0.0,0.0,
1448,g210s__tu,0.0,0.0,
1248,linkf022__tu,0.0,0.0,
975,linkf108__tu,0.0,0.0,
117,aut231__tu,0.0,0.0,
1252,linkf010__tu,0.0,0.0,
138,rev234__tu,0.0,0.0,
1332,linka042__tu,0.0,0.0,
1110,agg523__tu,0.0,0.0,
984,linkf117__tu,0.0,0.0,
1165,agg313__tu,0.0,0.0,
1111,agg524__tu,0.0,0.0,
565,us101s__tu,0.0,0.0,
1958,aggs105__tu,0.0,0.0,
1103,agg612__tu,0.0,0.0,
1251,linkf009__tu,0.0,0.0,
987,linkf103__tu,0.0,0.0,
1704,rvlr31__tu,0.0,0.0,
690,addrinputsubjectowned__ln,0.0,0.0,
842,addrcurrentsubjectowned__ln,0.0,0.0,
1107,agg520__tu,0.0,0.0,
1305,linka036__tu,0.0,0.0,
1108,agg521__tu,0.0,0.0,
1109,agg522__tu,0.0,0.0,
1266,linkf005__tu,0.0,0.0,
98,revs121__tu,0.0,0.0,
1957,aggs104__tu,0.0,0.0,
835,addrcurrenttaxmarketvalue__ln,0.0,0.0,
1164,agg312__tu,0.0,0.0,
851,addrinputtaxmarketvalue__ln,0.0,0.0,
1510,fi09s__tu,0.0,0.0,
1246,linkf024__tu,0.0,0.0,
1104,agg611__tu,0.0,0.0,
1106,agg519__tu,0.0,0.0,
1297,linkf055__tu,0.0,0.0,
958,linkf209__tu,0.0,0.0,
998,linkf092__tu,0.0,0.0,
1706,rvlr32__tu,0.0,0.0,
1083,agg517__tu,0.0,0.0,
1521,fi57s__tu,0.0,0.0,
1094,agg518__tu,0.0,0.0,
1082,agg515__tu,0.0,0.0,
883,addrchangecount12month__ln,0.0,0.0,
1055,agg516__tu,0.0,0.0,
1264,linkf042__tu,0.0,0.0,
1784,agg814__tu,0.0,0.0,
924,linkf175__tu,0.0,0.0,
527,us28s__tu,0.0,0.0,
21,std235__tu,0.0,0.0,
1696,rvlr30__tu,0.0,0.0,
1798,agg713__tu,0.0,0.0,
1707,rvlr33__tu,0.0,0.0,
1163,agg311__tu,0.0,0.0,
1105,agg610__tu,0.0,0.0,
1771,rvlr03__tu,0.0,0.0,
1062,agg514__tu,0.0,0.0,
113,revs120__tu,0.0,0.0,
667,assetpropeversoldcount__ln,0.0,0.0,
17,all252__tu,0.0,0.0,
1797,agg712__tu,0.0,0.0,
1061,agg513__tu,0.0,0.0,
1060,agg512__tu,0.0,0.0,
336,inap01__tu,0.0,0.0,
755,sourcevoterregistration__ln,0.0,0.0,
1850,cv26__tu,0.0,0.0,
1930,aggs124__tu,0.0,0.0,
1959,aggs106__tu,0.0,0.0,
35,all231__tu,0.0,0.0,
1851,bi101s__tu,0.0,0.0,
931,linkd003__tu,0.0,0.0,
1937,aggs123__tu,0.0,0.0,
918,linkf169__tu,0.0,0.0,
446,g417s__tu,0.0,0.0,
672,assetpropsalepurchaseratio__ln,0.0,0.0,
1120,agg609__tu,0.0,0.0,
1886,au33s__tu,0.0,0.0,
625,runningnetloss__app,0.0,0.0,
685,lienjudgmenttaxcount__ln,0.0,0.0,
1300,linkf058__tu,0.0,0.0,
756,educationevidence__ln,0.0,0.0,
1059,agg511__tu,0.0,0.0,
919,linkf171__tu,0.0,0.0,
911,linkf170__tu,0.0,0.0,
1994,aggs909__tu,0.0,0.0,
913,linkf164__tu,0.0,0.0,
1058,agg510__tu,0.0,0.0,
785,addrinputphonecount__ln,0.0,0.0,
1941,aggs903__tu,0.0,0.0,
532,us33s__tu,0.0,0.0,
651,lienjudgmentseverityindex__ln,0.0,0.0,
1796,agg711__tu,0.0,0.0,
1162,agg310__tu,0.0,0.0,
710,inquiryauto12month__ln,0.0,0.0,
1057,agg509__tu,0.0,0.0,
1881,au28s__tu,0.0,0.0,
195,bitdealerapplicantsamezip__app,0.0,0.0,
1255,linkf013__tu,0.0,0.0,
1992,aggs907__tu,0.0,0.0,
18,all234__tu,0.0,0.0,
1345,linkb017__tu,0.0,0.0,
112,revs119__tu,0.0,0.0,
1936,aggs122__tu,0.0,0.0,
1232,linkf029__tu,0.0,0.0,
1056,agg508__tu,0.0,0.0,
531,us32s__tu,0.0,0.0,
914,linkf165__tu,0.0,0.0,
1119,agg608__tu,0.0,0.0,
1459,fr101s__tu,0.0,0.0,
1787,agg817__tu,0.0,0.0,
986,linkf119__tu,0.0,0.0,
1786,agg816__tu,0.0,0.0,
494,revs101__tu,0.0,0.0,
1759,paymnt03__tu,0.0,0.0,
1053,agg505__tu,0.0,0.0,
1192,agg301__tu,0.0,0.0,
764,businessassociationindex__ln,0.0,0.0,
1054,agg507__tu,0.0,0.0,
956,linkf207__tu,0.0,0.0,
1046,agg506__tu,0.0,0.0,
917,linkf168__tu,0.0,0.0,
1960,aggs107__tu,0.0,0.0,
1361,linkf002__tu,0.0,0.0,
1785,agg815__tu,0.0,0.0,
916,linkf167__tu,0.0,0.0,
125,aut232__tu,0.0,0.0,
1161,agg309__tu,0.0,0.0,
1118,agg607__tu,0.0,0.0,
1052,agg504__tu,0.0,0.0,
1885,au32s__tu,0.0,0.0,
1237,linkf043__tu,0.0,0.0,
1227,linka035__tu,0.0,0.0,
1350,linkb013__tu,0.0,0.0,
1356,linkb011__tu,0.0,0.0,
412,re33s__tu,0.0,0.0,
1656,hr57s__tu,0.0,0.0,
323,st33s__tu,0.0,0.0,
1757,paymnt01__tu,0.0,0.0,
49,bkc317__tu,0.0,0.0,
1475,fc05s__tu,0.0,0.0,
1495,br32s__tu,0.0,0.0,
1351,linkb015__tu,0.0,0.0,
1760,paymnt04__tu,0.0,0.0,
1051,agg503__tu,0.0,0.0,
1050,agg502__tu,0.0,0.0,
1348,linkb003__tu,0.0,0.0,
301,revs102__tu,0.0,0.0,
948,linkt009__tu,0.0,0.0,
1394,g100s__tu,0.0,0.0,
1869,au57s__tu,0.0,0.0,
110,revs117__tu,0.0,0.0,
79,revs901__tu,0.0,0.0,
1795,agg710__tu,0.0,0.0,
111,revs118__tu,0.0,0.0,
694,inquiryshortterm12month__ln,0.0,0.0,
1496,br33s__tu,0.0,0.0,
109,revs116__tu,0.0,0.0,
1822,agg824__tu,0.0,0.0,
1703,rvlr29__tu,0.0,0.0,
1117,agg606__tu,0.0,0.0,
29,all233__tu,0.0,0.0,
461,au201s__tu,0.0,0.0,
411,re32s__tu,0.0,0.0,
357,st28s__tu,0.0,0.0,
1263,linkf021__tu,0.0,0.0,
961,linkf212__tu,0.0,0.0,
1160,agg308__tu,0.0,0.0,
1925,bc110s__tu,0.0,0.0,
1033,linkf127__tu,0.0,0.0,
884,addrchangecount24month__ln,0.0,0.0,
1926,bi01s__tu,0.0,0.0,
1003,linkf097__tu,0.0,0.0,
1357,linkb008__tu,0.0,0.0,
1288,linkf046__tu,0.0,0.0,
1811,agg823__tu,0.0,0.0,
465,au205s__tu,0.0,0.0,
1256,linkf014__tu,0.0,0.0,
1890,au02s__tu,0.0,0.0,
691,addrinputdeedmailing__ln,0.0,0.0,
1347,linkb002__tu,0.0,0.0,
129,aut235__tu,0.0,0.0,
915,linkf166__tu,0.0,0.0,
1076,agg413__tu,0.0,0.0,
761,profliccount__ln,0.0,0.0,
999,linkf093__tu,0.0,0.0,
1352,linkb016__tu,0.0,0.0,
763,businessassociation__ln,0.0,0.0,
1961,aggs108__tu,0.0,0.0,
1077,agg414__tu,0.0,0.0,
895,linkf186__tu,0.0,0.0,
1280,linkf077__tu,0.0,0.0,
1116,agg605__tu,0.0,0.0,
339,st32s__tu,0.0,0.0,
954,linkf205__tu,0.0,0.0,
1176,agg307__tu,0.0,0.0,
1847,trv03__tu,0.0,0.0,
1402,agg709__tu,0.0,0.0,
108,revs115__tu,0.0,0.0,
280,revs103__tu,0.0,0.0,
1285,linkf063__tu,0.0,0.0,
1942,aggs904__tu,0.0,0.0,
463,au203s__tu,0.0,0.0,
288,rt36s__tu,0.0,0.0,
1814,trv09__tu,0.0,0.0,
1228,linkf033__tu,0.0,0.0,
1249,linkf007__tu,0.0,0.0,
1002,linkf096__tu,0.0,0.0,
1078,agg415__tu,0.0,0.0,
1783,agg822__tu,0.0,0.0,
1294,linkf052__tu,0.0,0.0,
391,of01s__tu,0.0,0.0,
407,re28s__tu,0.0,0.0,
1788,agg818__tu,0.0,0.0,
1200,linka029__tu,0.0,0.0,
1242,linkf039__tu,0.0,0.0,
1250,linkf008__tu,0.0,0.0,
1873,au06s__tu,0.0,0.0,
1995,aggs910__tu,0.0,0.0,
1097,agg701__tu,0.0,0.0,
1935,aggs121__tu,0.0,0.0,
80,revs902__tu,0.0,0.0,
1215,linka052__tu,0.0,0.0,
1991,aggs906__tu,0.0,0.0,
1934,aggs120__tu,0.0,0.0,
6,rev317__tu,0.0,0.0,
535,us01s__tu,0.0,0.0,
1382,agg708__tu,0.0,0.0,
826,addrcurrentdeedmailing__ln,0.0,0.0,
1557,in57s__tu,0.0,0.0,
1115,agg604__tu,0.0,0.0,
908,linkf182__tu,0.0,0.0,
466,au206s__tu,0.0,0.0,
938,linkd002__tu,0.0,0.0,
1533,fi33s__tu,0.0,0.0,
106,revs113__tu,0.0,0.0,
28,per234__tu,0.0,0.0,
139,rev235__tu,0.0,0.0,
960,linkf211__tu,0.0,0.0,
1216,linka051__tu,0.0,0.0,
1898,bi28s__tu,0.0,0.0,
279,revs105__tu,0.0,0.0,
3,all255__tu,0.0,0.0,
1450,g212s__tu,0.0,0.0,
1790,agg820__tu,0.0,0.0,
1381,agg707__tu,0.0,0.0,
1291,linkf049__tu,0.0,0.0,
1902,bi32s__tu,0.0,0.0,
1758,paymnt02__tu,0.0,0.0,
1532,fi32s__tu,0.0,0.0,
1528,fi28s__tu,0.0,0.0,
1962,aggs109__tu,0.0,0.0,
107,revs114__tu,0.0,0.0,
1407,g002s__tu,0.0,0.0,
1177,agg306__tu,0.0,0.0,
1217,linka050__tu,0.0,0.0,
1231,linkf028__tu,0.0,0.0,
105,revs112__tu,0.0,0.0,
1380,agg706__tu,0.0,0.0,
1302,linkf060__tu,0.0,0.0,
1081,agg418__tu,0.0,0.0,
1963,aggs110__tu,0.0,0.0,
194,bitdealerapplicantsamecity__app,0.0,0.0,
1865,bc28s__tu,0.0,0.0,
1964,aggs111__tu,0.0,0.0,
1293,linkf051__tu,0.0,0.0,
1888,bc32s__tu,0.0,0.0,
2,all254__tu,0.0,0.0,
1236,linkf034__tu,0.0,0.0,
1079,agg416__tu,0.0,0.0,
1065,agg420__tu,0.0,0.0,
19,revs104__tu,0.0,0.0,
1933,aggs119__tu,0.0,0.0,
683,addronfilecollege__ln,0.0,0.0,
1080,agg417__tu,0.0,0.0,
1193,agg302__tu,0.0,0.0,
60,bkc318__tu,0.0,0.0,
127,aut233__tu,0.0,0.0,
663,assetproppurchasecount12month__ln,0.0,0.0,
1358,linkb009__tu,0.0,0.0,
955,linkf206__tu,0.0,0.0,
1218,linka001__tu,0.0,0.0,
1287,linkf061__tu,0.0,0.0,
1114,agg603__tu,0.0,0.0,
1460,fr57s__tu,0.0,0.0,
577,se01s__tu,0.0,0.0,
27,per232__tu,0.0,0.0,
1481,br36s__tu,0.0,0.0,
1277,linkf074__tu,0.0,0.0,
1903,bi33s__tu,0.0,0.0,
1178,agg305__tu,0.0,0.0,
20,per233__tu,0.0,0.0,
1273,linkf070__tu,0.0,0.0,
1,all253__tu,0.0,0.0,
26,per231__tu,0.0,0.0,
1064,agg421__tu,0.0,0.0,
758,educationprogramattended__ln,0.0,0.0,
5,rev316__tu,0.0,0.0,
332,st101s__tu,0.0,0.0,
1491,br28s__tu,0.0,0.0,
1861,bc33s__tu,0.0,0.0,
1101,agg705__tu,0.0,0.0,
1066,agg419__tu,0.0,0.0,
1965,aggs112__tu,0.0,0.0,
1573,in31s__tu,0.0,0.0,
102,revs109__tu,0.0,0.0,
1949,aggs114__tu,0.0,0.0,
1063,agg422__tu,0.0,0.0,
1932,aggs118__tu,0.0,0.0,
1098,agg702__tu,0.0,0.0,
1224,linka049__tu,0.0,0.0,
104,revs111__tu,0.0,0.0,
965,linkt003__tu,0.0,0.0,
930,linkf201__tu,0.0,0.0,
1724,rvlr11__tu,0.0,0.0,
1303,linkf006__tu,0.0,0.0,
99,revs106__tu,0.0,0.0,
1194,agg303__tu,0.0,0.0,
100,revs107__tu,0.0,0.0,
602,bitservicecontract__app,0.0,0.0,
1001,linkf095__tu,0.0,0.0,
36,all232__tu,0.0,0.0,
693,inquirycollections12month__ln,0.0,0.0,
1404,g001s__tu,0.0,0.0,
1000,linkf094__tu,0.0,0.0,
424,pb28s__tu,0.0,0.0,
1048,agg424__tu,0.0,0.0,
1948,aggs115__tu,0.0,0.0,
1950,aggs113__tu,0.0,0.0,
876,addrpreviousownershipindex__ln,0.0,0.0,
860,addrinputproblems__ln,0.0,0.0,
1751,cv23__tu,0.0,0.0,
1286,linkf062__tu,0.0,0.0,
1725,rvlr12__tu,0.0,0.0,
1789,agg819__tu,0.0,0.0,
101,revs108__tu,0.0,0.0,
760,educationinstitutionrating__ln,0.0,0.0,
1047,agg423__tu,0.0,0.0,
1100,agg704__tu,0.0,0.0,
1112,agg601__tu,0.0,0.0,
1230,linkf027__tu,0.0,0.0,
345,st01s__tu,0.0,0.0,
1761,paymnt05__tu,0.0,0.0,
1113,agg602__tu,0.0,0.0,
30,per235__tu,0.0,0.0,
103,revs110__tu,0.0,0.0,
855,addrinputavmvalue60month__ln,0.0,0.0,
946,linkd007__tu,0.0,0.0,
1810,agg821__tu,0.0,0.0,
1726,rvlr13__tu,0.0,0.0,
1099,agg703__tu,0.0,0.0,
839,addrcurrentavmvalue60month__ln,0.0,0.0,
891,linkf190__tu,0.0,0.0,
312,rt06s__tu,0.0,0.0,
1931,aggs117__tu,0.0,0.0,
985,linkf118__tu,0.0,0.0,
1833,trv05__tu,0.0,0.0,
1223,linka048__tu,0.0,0.0,
128,aut234__tu,0.0,0.0,
1283,linkf080__tu,0.0,0.0,
1179,agg304__tu,0.0,0.0,
1947,aggs116__tu,0.0,0.0,
181,rvlr78__tu,,,
183,dealerstate__app,,,
187,bitrolled__app,,,
190,rvlr79__tu,,,
191,dealercity__app,,,
192,dealerzip__app,,,
196,strdealershiptrackertype__app,,,
198,rvlr80__tu,,,
199,rvlr81__tu,,,
200,strcity__app,,,
201,strname__app,,,
202,strzipcode__app,,,
204,bitsystemdecline__app,,,
592,fltaddfee__app,0.0,0.0,
604,strvehicletype__app,,,
606,dealerstampcreation__app,,,
622,applicationdate__app,,,
623,dtmfunded__app,,,
631,vehiclemake__app,,,
712,assetindexprimaryfactor__ln,,,
718,inputprovidedlexid__ln,0.0,0.0,
735,fltinsureddisabilitypremium__app,0.0,0.0,
737,fltinsuredlifepremium__app,0.0,0.0,
738,fltinsuredunemploymentamount__app,0.0,0.0,
739,fltinsuredunemploymentpremium__app,0.0,0.0,
777,subjectstabilityprimaryfactor__ln,,,
779,subjectabilityprimaryfactor__ln,,,
781,subjectwillingnessprimaryfactor__ln,,,
786,addrinputdwelltype__ln,,,
788,linkc010__tu,0.0,0.0,
829,addrcurrentdwelltype__ln,,,
877,addrpreviousdwelltype__ln,,,
1235,linkf032__tu,,,
1360,linkf001__tu,,,
1697,rvlr23__tu,,,
1698,rvlr24__tu,,,
1699,rvlr25__tu,,,
1700,rvlr26__tu,,,
1701,rvlr27__tu,,,
1702,rvlr28__tu,,,
1713,rvlr22__tu,,,
1714,rvlr21__tu,,,
1715,rvlr20__tu,,,
1716,rvlr19__tu,,,
1727,rvlr14__tu,,,
1728,rvlr15__tu,,,
1729,rvlr16__tu,,,
1730,rvlr17__tu,,,
1731,rvlr18__tu,,,
