accountid,applicationdate__app,request_datetime,ENG-bk,ENG-loan_to_value,rp01s__tu,g232s__tu,ENG-wtd_avg,tag_policy_decline,tag_policy_approval,pd_gen12,lgd_gen12,pd_gen13,lgd_gen13,has_inst_tag,ecnl_gen12,tag_approved_gen12,ecnl_gen13,tag_approved_gen13,ecnl_policy,tag_approved_policy
8545898,01/06/2025 12:06:50,2025-02-27 22:16:41-07:00,0.0,0.8308853410740203,999.0,999.0,,1.0,0.0,0.16190851069453702,0.6632172350516162,0.7573750305716629,0.27775640912627786,0,0.25341801491420785,1,0.4964632144942364,0,1.0,0
8546774,01/06/2025 15:25:51,2025-01-06 22:26:21-07:00,0.0,0.946834846162914,0.0,5.0,0.680952380952381,0.0,0.0,0.22150868769618165,0.6218813168857542,0.31006182059517234,0.27775640912627786,0,0.32509498999848263,1,0.20324711263378414,1,0.32509498999848263,1
8547741,01/07/2025 08:49:58,2025-01-07 15:59:25-07:00,0.0,1.2081609195402299,0.0,4.0,0.2597707904789891,1.0,0.0,0.13482117100095653,0.7583602743000796,0.4707894020652737,0.3501845945669622,0,0.24129352772331422,1,0.38907714229721496,0,1.0,0
8580820,01/20/2025 10:55:47,2025-01-20 17:56:27-07:00,0.0,1.2017412935323384,0.0,12.0,1.0,0.0,0.0,0.12843113584571475,0.6025517908126937,0.20915411507224238,0.3501845945669622,0,0.18263192972386727,1,0.17285241561306047,1,0.18263192972386727,1
8583688,01/21/2025 11:28:16,2025-01-23 16:43:59-07:00,1.0,1.3192317541613316,0.0,25.0,0.7285714285714285,0.0,0.0,0.19233376071139788,0.6401808494702672,0.3440094964880602,0.3232454576829602,0,0.29058300114111973,1,0.2624308368493798,1,0.29058300114111973,1
8585468,01/22/2025 08:13:59,2025-01-22 15:14:14-07:00,0.0,1.149869451697128,0.0,24.0,0.15151515151515152,1.0,0.0,0.25381216627890796,0.7460337421584285,0.6049623840958176,0.3501845945669622,1,0.44687175890596276,0,0.4999624769987419,0,1.0,0
8588257,01/23/2025 09:29:48,2025-02-06 17:00:29-07:00,1.0,1.3973993127147768,0.0,8.0,1.0,0.0,0.0,0.06223435628948417,0.5916013969890668,0.16370830043463613,0.33346304982454933,0,0.08689031980691499,1,0.12883397918108455,1,0.08689031980691499,1
8598916,01/27/2025 11:49:30,2025-01-29 22:58:21-07:00,1.0,1.2357423376623378,0.0,5.0,0.5850951374207188,0.0,0.0,0.07419896103843111,0.6820410396427419,0.24245427303377226,0.2938038635922092,0,0.11943189820386833,1,0.1681122451017599,1,0.11943189820386833,1
8599681,01/27/2025 14:05:39,2025-01-27 21:05:52-07:00,0.0,1.2338909090909091,999.0,999.0,,1.0,0.0,0.19929669249790125,0.6930058019512045,0.8471332153591511,0.3501845945669622,0,0.3259484835373243,1,0.7001010836928133,0,1.0,0
8601341,01/28/2025 09:17:48,2025-01-28 16:18:45-07:00,1.0,1.09924,0.0,9.0,1.0,0.0,0.0,0.1426129585904263,0.6281696219938435,0.2705195600353878,0.2596410016840132,0,0.21142090276244532,1,0.16576160812078766,1,0.21142090276244532,1
8602514,01/28/2025 13:35:48,2025-01-29 17:27:37-07:00,1.0,0.9193429629629629,0.0,6.0,0.9042518662771827,0.0,0.0,0.11169131991841676,0.6292977918151458,0.31806645030326913,0.1617987878136479,1,0.16587755833540566,1,0.12145212800369082,1,0.16587755833540566,1
8604146,01/29/2025 09:28:01,2025-01-29 20:11:49-07:00,1.0,1.27,0.0,5.0,0.8817204301075269,0.0,0.0,0.18180999692627892,0.6646171789702151,0.23039021751705843,0.31672530923551634,0,0.2851683515471156,1,0.17221017441551054,1,0.2851683515471156,1
8604434,01/29/2025 10:34:32,2025-01-29 21:54:01-07:00,1.0,1.1501298701298701,0.0,4.0,0.5745967741935484,0.0,0.0,0.05328732980678527,0.6670634577984532,0.19986251381222647,0.2596410016840132,0,0.0838886319275154,1,0.12246630775328772,1,0.0838886319275154,1
8609662,01/31/2025 06:52:34,2025-01-31 16:16:42-07:00,1.0,1.27,0.0,19.0,1.0,0.0,0.0,0.1973447324970604,0.6817220731456981,0.3963504194959751,0.31672530923551634,0,0.317500853982979,1,0.2962607336659548,1,0.317500853982979,1
8616518,02/03/2025 08:17:34,2025-02-04 17:04:55-07:00,1.0,1.1423959957926808,0.0,9.0,0.7355072463768116,0.0,0.0,0.048807011574512574,0.5525016897548216,0.20702930102151434,0.2596410016840132,0,0.06363965702565115,1,0.1268577764245943,1,0.06363965702565115,1
8619606,02/03/2025 21:51:22,2025-02-11 16:48:28-07:00,0.0,1.2849591294071303,0.0,16.0,1.0,0.0,0.0,0.1882557143797407,0.6305188450621482,0.22635884706232798,0.39004257415648635,0,0.28012911043267047,1,0.20836342624343215,1,0.28012911043267047,1
8625176,02/05/2025 20:50:17,2025-02-07 01:27:12-07:00,1.0,1.27,0.0,7.0,0.45454545454545453,0.0,0.0,0.1389566021401604,0.6246979243927748,0.4956930758687024,0.31672530923551634,0,0.20486192621280871,1,0.37051656086738893,0,0.20486192621280871,1
8625181,02/05/2025 21:57:14,2025-02-11 16:35:05-07:00,0.0,1.27,0.0,8.0,0.875,0.0,0.0,0.19491958513495336,0.6423571119679957,0.3761209316608098,0.39004257415648635,0,0.29549083698496087,1,0.3462194962547188,1,0.29549083698496087,1
8625460,02/06/2025 08:46:28,2025-02-06 15:47:12-07:00,1.0,1.2640486517065812,0.0,5.0,0.8257918552036199,0.0,0.0,0.0987386948243974,0.6591875891798302,0.37934360356053354,0.31672530923551634,1,0.1536060803921357,1,0.28354861954037125,1,0.1536060803921357,1
8627470,02/06/2025 16:10:41,2025-02-06 23:11:16-07:00,1.0,1.2169433962264151,0.0,4.0,0.9263157894736842,0.0,0.0,0.11276945654620858,0.6226301275480959,0.2895663569010809,0.2938038635922092,0,0.1657042402264329,1,0.2007786860403052,1,0.1657042402264329,1
8628623,02/07/2025 09:48:09,2025-02-10 22:21:36-07:00,1.0,1.27,0.0,18.0,1.0,0.0,0.0,0.2414601505865442,0.6929835297717803,0.36287229690509826,0.31672530923551634,1,0.39489386158834605,0,0.27123678346263563,1,0.39489386158834605,0
8630560,02/07/2025 15:29:10,2025-02-07 22:29:54-07:00,1.0,1.0026067776218168,0.0,3.0,0.6723773380319871,0.0,0.0,0.14175847822091595,0.5647642167478334,0.17548873199812798,0.17289834384226316,0,0.18894187357072892,1,0.07160643825607403,1,0.18894187357072892,1
8636912,02/10/2025 13:52:44,2025-02-11 23:18:20-07:00,1.0,1.1913513513513514,0.0,11.0,0.527027027027027,0.0,0.0,0.08623168127415122,0.6996441760059899,0.26824293995917087,0.2899966430839025,0,0.14238232487396865,1,0.1835833430011146,1,0.14238232487396865,1
8638170,02/10/2025 18:45:10,2025-02-11 19:28:40-07:00,1.0,1.27,0.0,5.0,0.9566736547868623,0.0,0.0,0.0739836159514654,0.6614712224576513,0.26217393676235645,0.31672530923551634,0,0.11549375760919757,1,0.1959676060191381,1,0.11549375760919757,1
8641476,02/12/2025 09:20:49,2025-02-12 21:55:06-07:00,1.0,1.321855023519479,0.0,10.0,1.0,0.0,0.0,0.09504729542442736,0.6234002341699336,0.21725904748004304,0.3232454576829602,0,0.1398359146905442,1,0.16573808056274317,1,0.1398359146905442,1
8642518,02/12/2025 13:00:32,2025-02-12 20:01:34-07:00,1.0,1.2327540983606557,0.0,1.0,1.0,0.0,0.0,0.06399323483202726,0.5577725072006035,0.20547488370844036,0.2938038635922092,0,0.08423705420528292,1,0.1424715827030912,1,0.08423705420528292,1
8643860,02/12/2025 18:43:32,2025-02-13 01:44:03-07:00,1.0,1.2870642718568122,0.0,4.0,1.0,0.0,0.0,0.01963347974578247,0.5880904475862956,0.14638662175449493,0.31672530923551634,0,0.02724917806364189,1,0.10941986138179853,1,0.02724917806364189,1
8648524,02/14/2025 12:52:57,2025-02-14 23:20:44-07:00,1.0,1.2,0.0,2.0,,0.0,0.0,0.1146276941251684,0.6655774526056022,0.3557806995998191,0.2899966430839025,1,0.18005291642316562,1,0.2434934921968561,1,0.18005291642316562,1
8650740,02/15/2025 09:59:53,2025-02-15 17:01:10-07:00,1.0,1.2986821108237496,0.0,11.0,1.0,0.0,0.0,0.13476126318291942,0.6132807045160464,0.3141815579708197,0.3232454576829602,0,0.19504569852605189,1,0.23967631714430251,1,0.19504569852605189,1
8652021,02/15/2025 13:27:41,2025-02-20 23:04:25-07:00,1.0,1.0,0.0,6.0,1.0,0.0,0.0,0.17990336344610067,0.6687451660697656,0.42379736531764356,0.17289834384226316,1,0.2839304310076819,1,0.17292631570799893,1,0.2839304310076819,1
8653956,02/17/2025 08:44:00,2025-02-17 17:11:17-07:00,1.0,0.7504885582802748,0.0,22.0,1.0,0.0,0.0,0.18769378569115755,0.6351875782647257,0.20173052694733645,0.01,0,0.2813609964048713,1,0.004760840435957141,1,0.2813609964048713,1
8654583,02/17/2025 10:56:51,2025-02-17 17:57:42-07:00,1.0,1.0398716501277556,0.0,25.0,0.7944664031620553,0.0,0.0,0.11091691714872882,0.5712762830035952,0.32801106215627623,0.2596410016840132,0,0.14953952179622673,1,0.2009896849503947,1,0.14953952179622673,1
8655009,02/17/2025 12:14:50,2025-02-17 19:15:34-07:00,0.0,0.8982955339805826,0.0,14.0,1.0,0.0,0.0,0.23406233075748153,0.6050258837191707,0.37736611338819276,0.27775640912627786,0,0.3342084936881172,1,0.24736542153032037,1,0.3342084936881172,1
8657371,02/18/2025 08:38:51,2025-02-21 21:35:20-07:00,1.0,0.9782014218009478,0.0,13.0,0.7236394557823129,0.0,0.0,0.20542066198912626,0.6725454561128652,0.29041333282861,0.17289834384226316,1,0.32604516943746137,1,0.11850028289083753,1,0.32604516943746137,1
8660595,02/19/2025 10:17:22,2025-02-19 17:18:05-07:00,0.0,1.3087473002159826,0.0,11.0,1.0,0.0,0.0,0.17309123198595217,0.635158542253608,0.3393293184512945,0.39004257415648635,1,0.25945928402078516,1,0.31235279881900124,1,0.25945928402078516,1
8660779,02/19/2025 10:53:15,2025-02-24 15:56:27-07:00,0.0,1.27,0.0,17.0,0.6849838377901851,0.0,0.0,0.327612995408498,0.6778895681723749,0.5036288847515769,0.39004257415648635,1,0.5241216194848948,0,0.46359062764223435,0,0.5241216194848948,0
8661908,02/19/2025 14:19:09,2025-02-19 21:19:54-07:00,0.0,1.2834033212445124,0.0,7.0,1.0,0.0,0.0,0.21292636723261255,0.5640068087227231,0.288718613619078,0.39004257415648635,0,0.2834169332668606,1,0.2657656209803901,1,0.2834169332668606,1
8662954,02/19/2025 19:12:47,2025-02-20 02:13:02-07:00,1.0,1.5154425123280562,0.0,13.0,1.0,0.0,0.0,0.2429536987097047,0.6313940738520399,0.43182060089715063,0.39086345320128246,0,0.36202288038235003,0,0.3983276233030669,0,0.36202288038235003,0
8665844,02/20/2025 15:52:17,2025-02-20 22:53:03-07:00,0.0,1.3005162898344311,0.0,7.0,0.5538461538461539,0.0,0.0,0.11243043827220192,0.6120153577249852,0.275941898288679,0.39004257415648635,0,0.16238960556007892,1,0.2540046484496991,1,0.16238960556007892,1
8668391,02/21/2025 11:55:11,2025-02-21 18:56:12-07:00,1.0,1.0056674543501611,1.0,6.0,0.10714285714285714,0.0,0.0,0.19497367607837604,0.6608604792762365,0.48304237733084643,0.17289834384226316,1,0.3040869369657964,1,0.19710065582887365,1,0.3040869369657964,1
8670269,02/21/2025 16:13:38,2025-02-21 23:14:16-07:00,0.0,1.1603108808290155,0.0,6.0,0.8841354723707665,0.0,0.0,0.15328978717837652,0.6418752917464898,0.20589782593216074,0.3501845945669622,0,0.23220730740583154,1,0.1701613022032035,1,0.23220730740583154,1
8671930,02/22/2025 09:44:15,2025-02-22 16:44:31-07:00,0.0,1.0977173913043479,1.0,6.0,0.12273524254821741,1.0,0.0,0.3246571211157398,0.644177833835329,0.5642746115784242,0.3372811670434425,0,0.49356313360614107,0,0.4491533108817285,0,1.0,0
8675488,02/22/2025 17:11:21,2025-02-23 00:11:55-07:00,1.0,1.301111111111111,0.0,9.0,0.42645074224021595,0.0,0.0,0.08936879900292038,0.6168462273704972,0.4141575985398759,0.3232454576829602,0,0.1300992633626175,1,0.31594396748323894,1,0.1300992633626175,1
8676643,02/24/2025 08:22:33,2025-02-24 15:23:11-07:00,1.0,1.2731088082901554,0.0,6.0,0.5357142857142857,0.0,0.0,0.08165412246380374,0.5838596679115713,0.2698054368895558,0.31672530923551634,0,0.11251193522777225,1,0.20167193662015284,1,0.11251193522777225,1
8677835,02/24/2025 11:11:05,2025-02-24 18:11:41-07:00,0.0,1.2641961852861034,0.0,6.0,1.0,0.0,0.0,0.46446009367484986,0.6267344453310779,0.5589670162129214,0.39004257415648635,0,0.6869798084830369,0,0.5145294039385296,0,0.6869798084830369,0
8684598,02/25/2025 15:12:12,2025-02-26 16:22:09-07:00,1.0,1.27,1.0,17.0,0.2531194295900178,0.0,0.0,0.14565217687787207,0.6459189622366798,0.4301079608066415,0.31672530923551634,0,0.22202762693006553,1,0.3214935414630924,1,0.22202762693006553,1
8685056,02/25/2025 16:14:59,2025-02-26 16:35:19-07:00,1.0,1.148360625975818,2.0,5.0,0.8666666666666667,1.0,0.0,0.07335648777054142,0.5708060255583343,0.2572416203224595,0.2596410016840132,0,0.09881868755040225,1,0.1576255138618071,1,1.0,0
8685192,02/25/2025 16:36:34,2025-02-27 22:00:49-07:00,0.0,1.27,0.0,17.0,0.6285714285714286,0.0,0.0,0.13739508020590457,0.6641944512787812,0.20120225574586714,0.39004257415648635,0,0.21536663777760517,1,0.18520677198701493,1,0.21536663777760517,1
8687062,02/26/2025 10:31:02,2025-02-26 17:31:23-07:00,0.0,0.9364622094186372,0.0,7.0,,0.0,0.0,0.29107196040074834,0.640427256136299,0.4971768405685941,0.27775640912627786,0,0.43992858397288875,0,0.32590196729151033,1,0.43992858397288875,0
8700608,03/01/2025 08:35:36,2025-03-01 15:35:55-07:00,1.0,1.27,1.0,8.0,0.7252747252747253,0.0,0.0,0.3721619581486206,0.7328506641541108,0.7529540649802954,0.31672530923551634,0,0.6436643661569819,0,0.5628118774076145,0,0.6436643661569819,0
