accountid,ENG-bk,ENG-loan_to_value,rp01s__tu,g232s__tu,ENG-wtd_avg,pd_gen12,lgd_gen12,ecnl_gen12,tag_approved_gen12,ecnl_gen13,tag_approved_gen13,ecnl_policy,tag_approved_policy,has_inst_tag
8268533,1.0,1.2970909090909093,0.0,23.0,1.0,0.07195062192092225,0.6351401036634474,0.1078489920985896,1,0.20138385277131524,1,0.1078489920985896,1,1
8511986,1.0,1.0941966162065895,0.0,26.0,0.3,0.12384927416679373,0.6593278046115281,0.1927111572923311,1,0.36298360134525814,0,0.1927111572923311,1,1
8532162,1.0,1.4692650542326393,0.0,2.0,1.0,0.08822993459983283,0.6129277029968688,0.12762542791362122,1,0.09598722010029917,1,0.12762542791362122,1,0
8552351,1.0,1.3368932527693858,0.0,19.0,0.3382352941176471,0.1954452242223449,0.6080111037376505,0.280445564939246,1,0.28531690011478217,1,0.280445564939246,1,0
8557068,0.0,1.0227240438341925,1.0,16.0,0.6345811051693404,0.12809970812748386,0.6745698370533855,0.20393279020201754,1,0.27366406349471883,1,0.20393279020201754,1,1
8557514,1.0,1.0721415944103039,0.0,4.0,1.0,0.06124167757476024,0.6663883335625204,0.09631334513413765,1,0.098473638229313,1,0.09631334513413765,1,0
8557546,0.0,1.2610727927927927,0.0,29.0,0.045454545454545456,0.14332240625701995,0.6864706084286496,0.23219242184232639,1,0.3754493873538207,0,1.0,0,1
8563073,0.0,1.2361297297297296,0.0,13.0,1.0,0.0952557251358838,0.6696676926543883,0.1505436487267283,1,0.3778090875855483,0,0.1505436487267283,1,0
8567852,0.0,1.2986651515151515,1.0,9.0,0.22807017543859648,0.17933433519858402,0.6729883195264486,0.28482819439370344,1,0.44490190313033684,0,1.0,0,1
8572294,1.0,1.0213327239488117,0.0,3.0,,0.1317685774318471,0.740487992052389,0.23027239639073538,1,0.1046673534459837,1,0.23027239639073538,1,1
8576153,1.0,1.3022885793871868,0.0,23.0,0.0,0.27547091846866817,0.7596901792044157,0.4938832213442793,0,0.4291480700659719,0,0.4938832213442793,0,1
8577885,0.0,1.4296239858906525,0.0,30.0,0.04475703324808184,0.21081171169158533,0.6779571624828448,0.33729429130872585,1,0.5506987793870171,0,1.0,0,0
8587014,0.0,0.8251676121712223,0.0,12.0,0.934453781512605,0.06454531018319308,0.5954158594675278,0.09069787115608484,1,0.19098291208535495,1,0.09069787115608484,1,0
8587721,0.0,1.326560497667185,0.0,21.0,1.0,0.181012503410664,0.6649071842395671,0.2840413729336575,1,0.4231569888158398,0,0.2840413729336575,1,0
8588339,1.0,1.2495553544494722,0.0,54.0,0.00042625745950554135,0.07768750131583685,0.657230567319739,0.12049829732976658,1,0.3871042403181779,0,1.0,0,1
8589736,0.0,1.4675885714285715,0.0,5.0,,0.12956655468528164,0.6705351091356664,0.20503426037149716,1,0.35276424662309047,0,0.20503426037149716,1,0
8590100,1.0,1.2359066366704161,0.0,2.0,1.0,0.05227673031024944,0.633173918719192,0.07811661876454612,1,0.1332166197156844,1,0.07811661876454612,1,0
8592107,0.0,1.1566786027971083,1.0,3.0,1.0,0.15599249718468366,0.6528052687391586,0.24032522874841802,1,0.41729915844577414,0,0.24032522874841802,1,0
8592375,0.0,1.5296566358024692,0.0,12.0,,0.06920635171494356,0.6097473064110094,0.09958819224553866,1,0.4815408677643483,0,0.09958819224553866,1,1
8592821,1.0,1.235225509910945,0.0,6.0,0.8838709677419355,0.040770376307352245,0.6070325344823585,0.05840750987349762,1,0.1004730917048753,1,0.05840750987349762,1,1
8592982,1.0,1.2575888111888112,0.0,13.0,0.8660130718954249,0.13171822772772246,0.595816144125553,0.1852124378716481,1,0.16493664639606243,1,0.1852124378716481,1,0
8593911,0.0,1.2436297995562409,0.0,9.0,,0.0909379042273829,0.6114608783733472,0.1312277310792842,1,0.26948058619938325,1,0.1312277310792842,1,0
8594220,1.0,0.6429906873614191,0.0,4.0,1.0,0.011020092926904186,0.6336264461660219,0.01647898866975693,1,0.0004911700170956025,1,0.01647898866975693,1,0
8594731,0.0,1.1413647058823528,0.0,19.0,0.7593300029385835,0.1604414144489109,0.7074380821326425,0.2678655850164309,1,0.5405011230357442,0,0.2678655850164309,1,1
8596767,0.0,1.044119512195122,1.0,28.0,0.5318828680897647,0.2469177446988689,0.6623950047868318,0.3859947104089559,0,0.5029771574711597,0,0.3859947104089559,0,1
8600464,0.0,1.2445950570342206,0.0,45.0,0.6264423076923077,0.16214031423116862,0.6656079916977443,0.2546956578716124,1,0.3428927911903293,1,1.0,0,0
8601544,1.0,1.27477289546716,0.0,29.0,1.0,0.21045697566324614,0.6971876694854027,0.346278099799467,1,0.26026858645535955,1,0.346278099799467,1,1
8602404,0.0,1.1058065918145599,1.0,13.0,0.24597701149425288,0.21591196871911456,0.6149585543161205,0.3133535126576077,1,0.49386267422494395,0,1.0,0,1
8603185,1.0,1.3554817987152035,0.0,13.0,0.16854636591478697,0.21089531470305498,0.6814037177152605,0.33914344951024394,1,0.3075139766473781,1,0.33914344951024394,1,1
8604674,0.0,0.9729744136460554,0.0,13.0,0.0728744939271255,0.1668785470197678,0.7051807635717183,0.27772371725828743,1,0.3121682919816164,1,1.0,0,1
8605449,1.0,1.1614059405940593,0.0,32.0,1.0,0.15208966338814733,0.6236360857499755,0.22384270156586072,1,0.23816866680985116,1,1.0,0,1
8606824,0.0,1.3290891402714933,0.0,13.0,0.3570379077284749,0.17242110798238233,0.6873967395512894,0.2797112295983086,1,0.5905538588270268,0,1.0,0,1
8607676,0.0,1.1186140625,0.0,19.0,,0.08367825053875853,0.6329464239229344,0.12499468467517759,1,0.432108335173645,0,0.12499468467517759,1,0
8607986,1.0,1.0786596749396002,0.0,2.0,1.0,0.16457427339190808,0.6228550850820384,0.24191397841176243,1,0.08657044722142333,1,0.24191397841176243,1,0
8609550,1.0,1.1163631818181818,0.0,9.0,1.0,0.21328534374716868,0.6438501920998724,0.32408419052313636,1,0.27258737416374546,1,0.32408419052313636,1,0
8611681,0.0,1.2532039215686275,0.0,20.0,,0.1960415076638689,0.7048712210962232,0.3261142798664791,1,0.7273155541611827,0,0.3261142798664791,1,0
8611769,0.0,1.006055987189372,1.0,8.0,0.044563279857397504,0.14835291636373554,0.6816364681708676,0.23864970876913857,1,0.34302067459718333,1,1.0,0,1
8613193,0.0,1.281972567783094,1.0,3.0,0.07057057057057058,0.1294999716395612,0.7030136494337372,0.2148549844867884,1,0.4558895731583681,0,1.0,0,1
8618177,0.0,1.275846279640229,0.0,3.0,,0.05365378392690154,0.6158193556192438,0.07797685120078081,1,0.2172209449938013,1,0.07797685120078081,1,0
8619493,0.0,1.3025312335958006,0.0,9.0,0.5063520871143375,0.17507931442213504,0.6385131981612985,0.26382546904121335,1,0.3935884786408706,0,0.26382546904121335,1,1
8620631,0.0,1.0123350427350428,1.0,6.0,0.7815384615384615,0.1482510180831456,0.5872889824871017,0.2054762073680369,1,0.14093264724582105,1,0.2054762073680369,1,0
8621154,0.0,1.2601786906290116,0.0,15.0,,0.16919020267477128,0.7126912150984457,0.2845696758598027,1,0.4093055875093786,0,0.2845696758598027,1,1
8621555,0.0,1.2248327939590076,0.0,22.0,0.19903381642512077,0.19788186880264153,0.629822846828827,0.294128031790408,1,0.42617687726489567,0,1.0,0,1
8622129,0.0,1.3922508102387723,0.0,5.0,,0.15380322991550682,0.7395748306964445,0.2684476346317724,1,0.4150850511403286,0,0.2684476346317724,1,1
8624293,1.0,1.3185741519210088,0.0,20.0,0.3238095238095238,0.1655615219782172,0.6314464886932168,0.2467220504494062,1,0.2772492143180622,1,0.2467220504494062,1,1
8625901,0.0,1.3905682292391153,0.0,3.0,0.9847082494969819,0.05534841899439895,0.5993151364341041,0.07828390286325478,1,0.2547297297581166,1,0.07828390286325478,1,0
8626104,1.0,1.0888827788969346,0.0,25.0,1.0,0.01724380757283678,0.49250974910370127,0.020042874285445218,1,0.13583476659161697,1,0.020042874285445218,1,0
8627117,0.0,1.148387804878049,0.0,6.0,0.19294117647058823,0.06990142087671126,0.6686211849316528,0.11030066721778314,1,0.29979023471207505,1,1.0,0,0
8627122,0.0,1.3088159771754637,0.0,7.0,0.021592442645074223,0.17687621499840925,0.6651412197701616,0.2776484808859962,1,0.4488257533056138,0,1.0,0,1
8627219,0.0,1.1977995272259778,0.0,6.0,0.6799557032115172,0.14787318418297765,0.5697697165108616,0.19883864286632488,1,0.24635323868530934,1,0.19883864286632488,1,0
8627321,1.0,1.0215206305029636,0.0,77.0,1.0,0.06776911578311148,0.5878534460187589,0.09401840746232137,1,0.18814130238403146,1,1.0,0,0
8628409,1.0,1.2884900898682754,1.0,11.0,0.036734693877551024,0.1745374072435419,0.669347014106649,0.2757095780365791,1,0.4207714012932191,0,0.2757095780365791,1,1
8629196,0.0,1.3618607983623336,0.0,4.0,0.83399209486166,0.13097422150180626,0.6015359891348278,0.1859342706021172,1,0.2772722980637215,1,0.1859342706021172,1,0
8629714,0.0,1.2038519470977223,0.0,2.0,0.6819672131147541,0.06014607934806661,0.5990285421387065,0.08502895501626588,1,0.21246930761858143,1,0.08502895501626588,1,0
8629940,0.0,1.2339988083416087,0.0,6.0,0.5588235294117647,0.18209898932015742,0.6042306802138212,0.25967031899227666,1,0.43195780120398425,0,0.25967031899227666,1,1
8630184,0.0,1.483097273097273,0.0,3.0,0.7155844155844155,0.16791036562245618,0.6714152817093656,0.2660607016297246,1,0.3939718761922225,0,0.2660607016297246,1,0
8630385,0.0,1.186821173104435,0.0,3.0,,0.18567963545076005,0.6188310625202648,0.27117420958271143,1,0.4267033130481497,0,0.27117420958271143,1,0
8630727,0.0,1.2235694277711084,2.0,11.0,1.0,0.14381817801445124,0.6003164051529436,0.20375393142622428,1,0.3563195077784439,0,1.0,0,1
8631239,0.0,1.3284143249524616,0.0,10.0,,0.13325374927727268,0.6807605527128289,0.21408479458136476,1,0.39365207237159916,0,0.21408479458136476,1,1
8632824,0.0,1.0858748466257668,0.0,4.0,,0.21402279465454632,0.6693556915522905,0.33808740670851656,1,0.3655923368279445,0,0.33808740670851656,1,0
8633149,0.0,1.195882634730539,0.0,25.0,1.0,0.16757614279946229,0.7126147697237767,0.28182467321288057,1,0.4682245921498286,0,0.28182467321288057,1,1
8633732,0.0,1.22021361949654,0.0,2.0,0.23015873015873015,0.10886443555389534,0.6143027577468078,0.15782670623588577,1,0.2290178015557558,1,1.0,0,0
8634586,0.0,1.389297497422439,0.0,28.0,0.09545454545454546,0.17183036272540894,0.622745391409032,0.25253549691968213,1,0.4416034306389949,0,1.0,0,1
8634682,0.0,1.1128755824540733,0.0,14.0,0.8189655172413793,0.15989917625275904,0.6502318077691392,0.24537281182808143,1,0.4173133049983501,0,0.24537281182808143,1,1
8634887,0.0,1.2164724219173844,1.0,2.0,0.021870286576168928,0.1074662264565277,0.6203569988467426,0.15733512470381597,1,0.3010069885396852,1,1.0,0,1
8634952,0.0,1.043423585404548,0.0,64.0,0.23636363636363636,0.09399587729279327,0.6514447011388599,0.14451015421144123,1,0.4379621821066272,0,1.0,0,1
8635031,0.0,1.3192206226983596,0.0,7.0,0.9292207792207792,0.23040731149138016,0.6294783058178,0.3422859136420823,1,0.37930951608993413,0,0.3422859136420823,1,0
8635049,0.0,1.2383522504892368,1.0,15.0,0.03986710963455149,0.24725030107263013,0.5828719215412349,0.3401120090873325,1,0.5723251264258888,0,1.0,0,1
8635058,0.0,1.290978205778003,0.0,19.0,,0.1912826418741061,0.6754554914792428,0.30491886967331266,1,0.510957350619544,0,0.30491886967331266,1,0
8635208,0.0,1.1685059268600253,0.0,20.0,,0.22028036054673777,0.6557773459954287,0.3409134937056438,1,0.40518617400433143,0,0.3409134937056438,1,1
8636404,1.0,1.2823654465592973,0.0,33.0,0.46798029556650245,0.15986827315557386,0.7071807920812748,0.2668116220116254,1,0.3703015249663071,0,1.0,0,1
8636632,0.0,1.0517555555555556,0.0,44.0,1.0,0.20761429277058627,0.6679658016124733,0.3272830240922388,1,0.45415570817635537,0,1.0,0,0
8637097,1.0,1.4643765319838697,0.0,10.0,0.0017825311942959,0.13243923490699067,0.7110281268594398,0.2222365298399312,1,0.3292129072640503,1,0.2222365298399312,1,1
8637563,0.0,1.0060287998503905,0.0,15.0,0.23076923076923078,0.1613820899163089,0.6627561060065651,0.2524184385614368,1,0.30826964501505033,1,1.0,0,0
8637852,1.0,1.1557270341207349,0.0,21.0,0.14338575393154487,0.09003962550429566,0.660331674727851,0.14031619941464338,1,0.33125318505720414,1,0.14031619941464338,1,1
8638022,0.0,0.9649733643457383,1.0,16.0,0.9126984126984127,0.07517782678922336,0.5967894489418368,0.10588218782035769,1,0.31633069803533326,1,0.10588218782035769,1,1
8638257,0.0,1.104944367974306,0.0,8.0,,0.19309286491460784,0.6728659937360719,0.30662446894450596,1,0.48037440867734443,0,0.30662446894450596,1,0
8639502,1.0,1.2375537634408602,0.0,41.0,0.14153561517113783,0.12750795568250392,0.6453084329846202,0.19418542341593562,1,0.27319437986453704,1,1.0,0,1
8639893,1.0,1.249984771573604,0.0,6.0,0.8609226594301221,0.042034359991160154,0.6535289180093284,0.0648307807380005,1,0.12996962903387993,1,0.0648307807380005,1,0
8640338,0.0,1.1008698591549295,0.0,26.0,1.0,0.22628661643092257,0.607920313741343,0.32465158482052203,1,0.4242902330608941,0,0.32465158482052203,1,1
8641282,1.0,1.446741584158416,0.0,7.0,0.2,0.10555982823852228,0.6392935693792194,0.15926157773128286,1,0.27880244652333436,1,0.15926157773128286,1,0
8642327,1.0,1.4330181277860325,0.0,20.0,,0.05900260319888999,0.7186714731668145,0.10007223111743091,1,0.382034878665457,0,0.10007223111743091,1,1
8643123,0.0,1.320713269882945,0.0,7.0,1.0,0.1098705291303721,0.6779009414326798,0.17577595091431875,1,0.36040113127007145,0,0.17577595091431875,1,0
8643654,0.0,1.152272,0.0,2.0,,0.1358907232334637,0.6608745419499977,0.2119438579543194,1,0.2965082445818907,1,0.2119438579543194,1,0
8644052,0.0,1.4882179640718565,0.0,24.0,0.8251231527093597,0.07965462306407092,0.6588984320002121,0.12386296272282285,1,0.26840657293974435,1,0.12386296272282285,1,0
8644244,0.0,1.0918981308411215,0.0,14.0,,0.13969114088733986,0.6314356835534347,0.20816609163683356,1,0.4425699135442603,0,0.20816609163683356,1,0
8644826,0.0,0.9914432116496479,0.0,2.0,0.10160427807486631,0.1943498572329959,0.6434490020277057,0.295127963166684,1,0.3204060630587765,1,1.0,0,0
8645189,1.0,1.019846671543526,0.0,17.0,0.43951612903225806,0.11270068004228177,0.6270959183317323,0.166790962016632,1,0.17132201573925168,1,0.166790962016632,1,1
8645383,0.0,1.2171828571428571,0.0,16.0,1.0,0.24870319445259387,0.6438179584474668,0.3778822156719243,0,0.40467886560478156,0,0.3778822156719243,0,1
8645633,0.0,1.1235274261603374,0.0,4.0,0.5802968960863698,0.14512927005614673,0.6770910745247392,0.23190713084124556,1,0.24872776768181434,1,0.23190713084124556,1,1
8646330,0.0,1.4536176904176903,0.0,9.0,0.9924324324324324,0.05363550162266607,0.6154806705982179,0.07790741023555313,1,0.24934438231907394,1,0.07790741023555313,1,1
8646674,0.0,1.2708422030748436,0.0,10.0,,0.06601919865043415,0.6616540662609585,0.10308921612250538,1,0.5318971318268911,0,0.10308921612250538,1,1
8646742,0.0,1.3105816733067728,0.0,8.0,,0.029945269208863323,0.6645899941761705,0.046967130042328706,1,0.3391196142217306,1,0.046967130042328706,1,1
8646899,0.0,1.413587281399046,0.0,8.0,0.0385739333722969,0.1125535146637649,0.6513773183702932,0.1730229434694098,1,0.3728744358636415,0,1.0,0,1
8646968,0.0,1.2552574178027265,0.0,10.0,,0.16826289794056465,0.662199748848516,0.2629598110659663,1,0.47689083650080155,0,0.2629598110659663,1,0
8648200,0.0,0.9810919708029197,0.0,5.0,0.7702702702702703,0.14193130154221753,0.6419823924863179,0.2150370558173368,1,0.32179707576066546,1,0.2150370558173368,1,1
8648784,0.0,1.2077702134812573,0.0,25.0,0.5816993464052288,0.1633968225171355,0.6140577992927432,0.23679082006126603,1,0.5376262100906108,0,0.23679082006126603,1,0
8649001,0.0,1.0004876888307364,0.0,10.0,1.0,0.07936965854745208,0.5990837641504995,0.11221581417259599,1,0.21321119936603886,1,0.11221581417259599,1,0
8649036,0.0,1.1371985840707965,0.0,18.0,,0.15295821623567138,0.6854028818808052,0.2474176852280526,1,0.4415929145796111,0,0.2474176852280526,1,1
8649315,0.0,1.1536324324324323,0.0,4.0,0.6561264822134387,0.14782985733524442,0.662160819440919,0.23101364915141742,1,0.27290670824686925,1,0.23101364915141742,1,0
8649827,0.0,1.0246960072595281,0.0,7.0,0.24561403508771928,0.20719841353870402,0.6769079726671811,0.3310000489940832,1,0.4562974422855998,0,1.0,0,0
8649968,0.0,1.1420730808899366,0.0,26.0,0.1674347158218126,0.1447256022479508,0.6256739238717761,0.21370044364590793,1,0.42356289153367244,0,1.0,0,0
8650013,0.0,1.0957368653979895,0.0,8.0,,0.20039191052666858,0.6804761953986214,0.32181414267868214,1,0.4680428988348471,0,0.32181414267868214,1,0
8650224,1.0,1.4460079096045197,0.0,15.0,,0.14597657935136038,0.6695921013238633,0.23067764424819506,1,0.339601818055841,1,0.23067764424819506,1,1
8650231,0.0,1.5466666666666666,0.0,2.0,0.20893329415221862,0.09630484260134223,0.603188940526649,0.13709243770404275,1,0.25166347410846357,1,1.0,0,0
8650457,0.0,1.0890540983606556,0.0,15.0,0.5423076923076923,0.1780543903187163,0.6528641557834115,0.27433897695674264,1,0.4805315890462124,0,0.27433897695674264,1,1
8650560,1.0,0.9705929196735537,0.0,5.0,0.013223626212165737,0.11874873138368515,0.6751985874939532,0.18922238264483288,1,0.13090702725731143,1,0.18922238264483288,1,1
8650599,0.0,1.140177908113392,0.0,15.0,,0.1164901175179236,0.6840224390180512,0.18804917616241842,1,0.5975750057999727,0,0.18804917616241842,1,1
8650835,0.0,1.3641739393939394,0.0,8.0,0.8305531167690957,0.11720805663297361,0.6403026831291232,0.177114774225606,1,0.4812433926363167,0,0.177114774225606,1,0
8651179,1.0,1.2431756243756245,0.0,4.0,0.13333333333333333,0.1305120869051083,0.6495282047462084,0.20006022435216844,1,0.22372164403306208,1,0.20006022435216844,1,1
8651399,0.0,1.1187486157253599,0.0,13.0,0.08603145235892692,0.19299330850610835,0.6499059347264444,0.2960088918830429,1,0.41997464581269894,0,1.0,0,1
8651502,1.0,1.1394689655172414,0.0,11.0,0.6463293650793651,0.08991509014338282,0.6368268168875385,0.1351344039249531,1,0.21688291345489571,1,0.1351344039249531,1,0
8651741,0.0,0.92440767545948,0.0,5.0,,0.08840058313617717,0.64935942671404,0.1354728546881278,1,0.33211547374086264,1,0.1354728546881278,1,1
8651863,0.0,1.1586347257440277,0.0,10.0,1.0,0.20074504555307718,0.6292270813880011,0.29810155711485525,1,0.4345122910985242,0,0.29810155711485525,1,1
8651915,1.0,1.340341498216409,0.0,6.0,0.7756410256410257,0.1821404421403323,0.6353220662107475,0.2730941072170786,1,0.3256503393432658,1,0.2730941072170786,1,0
8651929,0.0,1.3642388059701493,1.0,8.0,0.274025974025974,0.12745829962701338,0.6102799403574736,0.1835731746468754,1,0.4445624649773175,0,1.0,0,0
8652300,0.0,1.538805031446541,0.0,6.0,,0.19132114390159702,0.6489055042954575,0.29299245034340504,1,0.5073630901939991,0,0.29299245034340504,1,0
8652621,0.0,1.15058050575993,0.0,25.0,0.7393939393939394,0.1909101782032367,0.5923669252105244,0.2668897455986012,1,0.344519958073028,1,0.2668897455986012,1,1
8652693,0.0,1.0155156578240265,1.0,4.0,0.7689393939393939,0.12399212158883773,0.6365652459443341,0.18627261788348548,1,0.26204158235660435,1,0.18627261788348548,1,0
8652799,1.0,1.2668996923076923,0.0,3.0,1.0,0.050841882235944984,0.6068781839788742,0.07281739682094665,1,0.2953060822629002,1,0.07281739682094665,1,1
8653136,0.0,0.964589544688027,0.0,2.0,0.840531561461794,0.04681324701656331,0.5643038997881,0.06234387893352914,1,0.14105402645108092,1,0.06234387893352914,1,1
8653521,0.0,1.230543157203807,0.0,9.0,1.0,0.1261366897426346,0.6363472655849555,0.18942950075408568,1,0.2706406555151149,1,0.18942950075408568,1,1
8653574,0.0,1.202494228827009,0.0,10.0,0.8876040703052729,0.12591539319602957,0.6061632122375594,0.18012765893527102,1,0.282796964471217,1,0.18012765893527102,1,1
8653657,0.0,1.124078353253652,0.0,1.0,,0.10679273076240794,0.6734880691433959,0.16973976689375017,1,0.37595638586426466,0,0.16973976689375017,1,1
8654013,0.0,1.16231375464684,0.0,7.0,0.006342494714587738,0.11329422782371572,0.6226446912372904,0.1664792368253447,1,0.31282476433039846,1,1.0,0,1
8654092,1.0,1.5999992932862193,0.0,7.0,1.0,0.11539470844854638,0.6635218160749083,0.18069789937590516,1,0.29636966866013026,1,0.18069789937590516,1,1
8654441,1.0,0.8308563519292504,0.0,18.0,0.8354978354978355,0.011513864011667763,0.48349930440599975,0.013137990767973264,1,0.024096438257161762,1,0.013137990767973264,1,0
8654584,0.0,1.3672681818181818,0.0,6.0,0.00992063492063492,0.1010847302062636,0.644398315359436,0.1537276384542113,1,0.4657146516921002,0,1.0,0,0
8654601,0.0,1.193110772895712,0.0,1.0,0.7696969696969697,0.1954649526675734,0.6250255338255511,0.2883225838691573,1,0.308643819444716,1,0.2883225838691573,1,1
8654737,0.0,1.1823431186118374,1.0,8.0,0.24074074074074073,0.18023482462889123,0.6150633111243021,0.2616197541181229,1,0.47441535643675353,0,1.0,0,0
8655299,1.0,1.0075681687440077,0.0,7.0,0.011363636363636364,0.14044312574011625,0.6144388926854868,0.20365317604950767,1,0.10887307540896453,1,0.20365317604950767,1,1
8655838,0.0,1.246418742857143,1.0,8.0,,0.18577054743460994,0.6925292169116353,0.30361761490672146,1,0.4275831490360475,0,0.30361761490672146,1,0
8655946,0.0,1.4281449003516997,0.0,10.0,,0.18657268805602412,0.6918064251475124,0.30461035507591205,1,0.38306505626008697,0,0.30461035507591205,1,0
8655991,0.0,1.2676893812709031,1.0,7.0,1.0,0.13936775429187107,0.5901517967598222,0.19410558822952076,1,0.3430726899385245,1,0.19410558822952076,1,0
8656414,0.0,1.2685891546274346,0.0,12.0,,0.11565694827539014,0.6461561226777184,0.1763685708097379,1,0.38810643091213043,0,0.1763685708097379,1,1
8656444,1.0,1.5080906782734855,0.0,3.0,1.0,0.1073575039873168,0.6065879571836531,0.15368737491552564,1,0.25792941210477316,1,0.15368737491552564,1,0
8656673,0.0,1.3267414781297135,0.0,23.0,,0.056847777386971714,0.6910328247657452,0.09270948524692102,1,0.6087723794289827,0,0.09270948524692102,1,1
8657076,0.0,1.1791025399811854,0.0,8.0,0.9218579234972678,0.1383848701883075,0.6774267369326794,0.22123964208394148,1,0.3580023248248824,0,0.22123964208394148,1,1
8657169,0.0,1.1336,0.0,2.0,,0.15213579701333027,0.680419972173299,0.24429831405807992,1,0.4089107056693621,0,0.24429831405807992,1,1
8657227,1.0,1.5591935210790675,0.0,8.0,0.8438438438438438,0.04760450145610905,0.6601020533974167,0.07416023682264543,1,0.5033546980770776,0,0.07416023682264543,1,1
8657612,1.0,1.2959906687402798,0.0,14.0,0.10256410256410256,0.15575304861983755,0.7011212446235031,0.25771618027329934,1,0.41224017829885606,0,0.25771618027329934,1,1
8657631,0.0,1.4010912977099237,0.0,10.0,0.904862579281184,0.15252027726912923,0.6479061141794384,0.23321241562246844,1,0.4694786421708251,0,0.23321241562246844,1,1
8657900,0.0,1.1244429608127722,1.0,5.0,1.0,0.1615968012527303,0.6406413543958689,0.24432040094459045,1,0.2878245628031983,1,0.24432040094459045,1,0
8658012,0.0,1.2291287093942056,0.0,6.0,0.5404595404595405,0.09353979763420206,0.6379098376373782,0.14082109880666221,1,0.3834287216518961,0,0.14082109880666221,1,1
8658015,1.0,1.120604099244876,0.0,7.0,0.16216216216216217,0.09581948595130739,0.7588393659797151,0.17159937120398988,1,0.19270562088235596,1,0.17159937120398988,1,0
8658128,1.0,1.2295499736518531,0.0,19.0,1.0,0.1273281594375056,0.6562339855194312,0.19719467466620583,1,0.3584231927773827,0,0.19719467466620583,1,1
8658180,1.0,1.2929671957671958,0.0,14.0,0.16376306620209058,0.19304095557038092,0.7530445581894244,0.3430695209959098,1,0.5310915959513027,0,0.3430695209959098,1,1
8658247,0.0,1.302299499852898,0.0,8.0,0.21167002012072433,0.15250232355343482,0.676209005387399,0.2433713290892317,1,0.46482630687400517,0,1.0,0,0
8658268,0.0,1.3461210859571515,0.0,20.0,0.007936507936507936,0.21033396893447948,0.6674012574352303,0.33129008662178566,1,0.5436616661365776,0,1.0,0,1
8658571,1.0,1.2767857931704731,1.0,5.0,0.44385026737967914,0.02827313112493748,0.6396611338236812,0.042681126544610565,1,0.3185687686604015,1,0.042681126544610565,1,1
8658586,0.0,1.126972824427481,0.0,11.0,1.0,0.14629338039295245,0.6575116739521192,0.2270074688154709,1,0.2712728204841816,1,0.2270074688154709,1,1
8658891,0.0,0.7777282222222222,0.0,33.0,0.8333333333333334,0.10952641963246391,0.6191414418914817,0.16003713508843426,1,0.23318177448702582,1,1.0,0,0
8659004,0.0,1.581616668373093,0.0,6.0,1.0,0.2036375519651348,0.6406422181620346,0.30788279866119206,1,0.3723120880412344,0,0.30788279866119206,1,1
8659037,1.0,1.3130152153725267,1.0,16.0,0.21505376344086022,0.43171317785427654,0.7047070203182386,0.7179858849868198,0,0.4399713931073364,0,0.7179858849868198,0,0
8659343,0.0,1.5722212218649518,1.0,14.0,0.0069881201956673656,0.15183877051522168,0.6311110706065,0.22615202448586946,1,0.5593581243670818,0,1.0,0,1
8659389,0.0,1.0519908755922092,0.0,5.0,0.8974789915966387,0.11885752186227388,0.6363461673876016,0.17849748726530068,1,0.23591781604272724,1,0.17849748726530068,1,1
8659575,0.0,1.4066722415795585,0.0,11.0,,0.07910243089456057,0.6445588465637584,0.12032736501797818,1,0.5054185972510908,0,0.12032736501797818,1,1
8659809,0.0,1.0248676979071885,0.0,8.0,0.9380952380952381,0.08767120963024788,0.5533029044849206,0.11448061443036908,1,0.15714997514819143,1,0.11448061443036908,1,0
8659842,0.0,1.0917777861915368,0.0,7.0,,0.12477030305706582,0.6733563660063675,0.19827511173076487,1,0.45961111436849456,0,0.19827511173076487,1,1
8659844,0.0,1.206887712909575,0.0,9.0,,0.0689278716658558,0.6436562729303473,0.10470342246681984,1,0.2719461509613772,1,0.10470342246681984,1,0
8659968,0.0,1.400393811533052,0.0,10.0,0.6372881355932203,0.15204652309125766,0.6526539380405284,0.23419167846367547,1,0.3898074492286943,0,0.23419167846367547,1,1
8660176,0.0,1.0234941935483872,0.0,47.0,1.0,0.2032041971914214,0.6520498061347317,0.3126982474272551,1,0.37214622848472234,0,1.0,0,1
8660749,0.0,1.1074535677352637,0.0,13.0,0.7237237237237237,0.15605083581109236,0.6636241145811147,0.24439947067767862,1,0.32390508189836953,1,0.24439947067767862,1,1
8660798,0.0,1.1049156445556945,1.0,6.0,0.91,0.1354843060385831,0.6165594536797505,0.19714054612345625,1,0.33012207831360313,1,0.19714054612345625,1,0
8661222,1.0,0.8567153284671533,0.0,5.0,0.5265151515151515,0.10300580306228461,0.6723111131847257,0.1634345928462472,1,0.08513288527665237,1,0.1634345928462472,1,0
8661246,1.0,1.4397246184472463,0.0,2.0,0.20634920634920634,0.1758199911484289,0.6939187127957496,0.2879312853818877,1,0.37899147160448093,0,0.2879312853818877,1,1
8661265,0.0,1.4229738562091503,0.0,2.0,,0.21605494818030474,0.6654487952635239,0.3393054717464442,1,0.39460898489665164,0,0.3393054717464442,1,1
8661548,0.0,1.2073304352380454,0.0,6.0,1.0,0.12993003160776848,0.6243253245268824,0.1914399175923672,1,0.22531790305668878,1,0.1914399175923672,1,0
8661779,0.0,1.3908771143721295,1.0,8.0,0.08766803039158387,0.20603180569776047,0.7001754299751194,0.34044984321743205,1,0.5262512331996251,0,1.0,0,1
8661805,1.0,1.4551559292855725,0.0,1.0,0.2942176870748299,0.08020913832855985,0.6376656829735715,0.12070601133628656,1,0.231299391191347,1,0.12070601133628656,1,1
8661960,0.0,1.4276273895137992,0.0,9.0,,0.12191963225391615,0.6834209545164545,0.1966409382202689,1,0.39254287485950395,0,0.1966409382202689,1,1
8662031,0.0,1.2210309724929609,0.0,33.0,,0.19374716050516752,0.6652512590249782,0.30418168020224223,1,0.6829097993646542,0,1.0,0,0
8662209,0.0,1.1074254859611232,0.0,2.0,0.7414634146341463,0.15058727464595903,0.5945842078223659,0.21130688435225195,1,0.22288265400989157,1,0.21130688435225195,1,1
8662381,0.0,1.2969396531791908,0.0,19.0,0.5780780780780781,0.11463441898186946,0.6471385876285066,0.1750750801447579,1,0.43160855442031804,0,0.1750750801447579,1,1
8662674,1.0,1.2770162439441437,0.0,19.0,1.0,0.09587930813921063,0.5731504492802997,0.12968971374654795,1,0.21958648444255752,1,0.12968971374654795,1,0
8662705,0.0,1.1153735632183908,0.0,4.0,0.8727272727272727,0.1854889270253328,0.6026309107475178,0.26380401202338055,1,0.21251351621539924,1,0.26380401202338055,1,0
8662852,0.0,1.2220062695924765,0.0,11.0,0.02732919254658385,0.11580049962358491,0.6404395194608692,0.17502519054412718,1,0.32665089350986315,1,1.0,0,1
8663022,0.0,1.0603861440626148,1.0,8.0,0.0013169446883230904,0.1644392818194093,0.667327097438283,0.25897410119366204,1,0.4813766571689989,0,1.0,0,1
8663147,0.0,1.155132512315271,0.0,5.0,0.45479082321187586,0.13521532922942348,0.622777213433852,0.1987333012444573,1,0.2765564107837658,1,1.0,0,0
8663208,1.0,1.2309719374496106,0.0,7.0,0.14408617698091383,0.1341697982951237,0.685371582922562,0.2170165542095143,1,0.2961729045141218,1,0.2170165542095143,1,1
8663294,1.0,1.1460320610687023,0.0,2.0,,0.10411009401923565,0.7157982855363081,0.17587151126214284,1,0.21139962962754946,1,0.17587151126214284,1,1
8663332,1.0,0.9386344436222959,0.0,1.0,1.0,0.03578765046648885,0.6117035448835514,0.05166378106203512,1,0.0324154294834587,1,0.05166378106203512,1,0
8663340,0.0,1.2499476117103236,0.0,5.0,0.08350951374207188,0.04694181469833786,0.6511215056547467,0.07213298715233296,1,0.38513914586501774,0,1.0,0,1
8663374,1.0,1.1406237288135594,0.0,46.0,1.0,0.12275972247340666,0.678988844379554,0.19671185775263264,1,0.283315097255673,1,1.0,0,1
8663417,0.0,1.5158095238095237,999.0,999.0,,0.19560933699909377,0.6700144377220656,0.30930414866461586,1,0.7209928464522367,0,1.0,0,0
8663492,0.0,1.2315066282420748,0.0,15.0,0.969079939668175,0.10832039273873957,0.6176556300432461,0.1578950929996442,1,0.25464745821314105,1,0.1578950929996442,1,1
8663593,1.0,1.3120529801324503,0.0,10.0,0.7952380952380952,0.13595806466475727,0.7705586391785677,0.24724224065248787,1,0.33429959466975395,1,0.24724224065248787,1,1
8663616,0.0,1.2020390636501939,0.0,5.0,0.07657657657657657,0.13002769943376377,0.6528351590856123,0.20033250307509054,1,0.3710146639156079,0,1.0,0,1
8663868,0.0,1.2623070883315157,0.0,19.0,0.01643192488262911,0.13206139600241218,0.5835996011000535,0.1818875081454285,1,0.2771901293512548,1,1.0,0,1
8664304,1.0,1.16306741507678,0.0,3.0,0.7006493506493506,0.04790024849597338,0.5554093672643612,0.06278602223313201,1,0.14484565897990068,1,0.06278602223313201,1,0
8664414,0.0,1.3715392405063291,0.0,6.0,0.40787540405524536,0.19472579525792832,0.6574166450537243,0.30211771049637015,1,0.3827277663540959,0,1.0,0,0
8664721,0.0,1.330584,0.0,8.0,0.5286486486486487,0.14823704044303607,0.6678208033253247,0.23363003945771926,1,0.39743111757812344,0,0.23363003945771926,1,0
8664794,0.0,1.3205128205128205,0.0,11.0,0.4365079365079365,0.1767257185666077,0.6414929206151879,0.26754918174862174,1,0.3027447229136447,1,1.0,0,0
8664861,0.0,1.0740719424460432,0.0,12.0,1.0,0.11159379879639009,0.6220507986523427,0.16382414753162616,1,0.19391710175331472,1,0.16382414753162616,1,0
8664984,0.0,1.1396980132450332,0.0,18.0,1.0,0.16554443426343293,0.6342827711398933,0.24780467872689488,1,0.39616434254289523,0,0.24780467872689488,1,1
8665002,0.0,0.9721456716417911,1.0,20.0,0.0824829931972789,0.15343495821773054,0.6544871826806302,0.23699406392759667,1,0.4685350494156074,0,1.0,0,1
8665047,0.0,0.7887053638503531,1.0,20.0,0.49523809523809526,0.20054459667420174,0.6466100564539272,0.30603100102580416,1,0.258872736043391,1,1.0,0,1
8665273,0.0,1.0954585034013606,1.0,17.0,0.377314134587129,0.10312625005010378,0.6815417149462684,0.16587222550369599,1,0.4293824621066793,0,1.0,0,1
8665804,1.0,1.249847167325428,1.0,17.0,0.04349237260629666,0.1580180703370826,0.709749402688853,0.26468162524446326,1,0.4865373675439716,0,0.26468162524446326,1,1
8666046,0.0,1.2176021025405699,0.0,8.0,1.0,0.22063578267106734,0.6645190470436458,0.3460153649045636,1,0.4954234812264692,0,0.3460153649045636,1,1
8666733,0.0,1.021753286680526,0.0,7.0,,0.13119655593653512,0.6825268191904208,0.2113265965085594,1,0.36853903209957223,0,0.2113265965085594,1,1
8666973,0.0,1.2725895093062605,0.0,7.0,,0.22622241600510246,0.6934496438141378,0.37022229497156833,0,0.6373557942621189,0,0.37022229497156833,0,0
8667028,0.0,1.2654876132930513,1.0,5.0,0.017825311942959002,0.12781528215066662,0.6394726197042181,0.19289312102368453,1,0.4850116568415589,0,1.0,0,0
8667059,0.0,0.8860260416666667,0.0,0.0,0.3897058823529412,0.1528732631736949,0.6438872169212051,0.23230221032111312,1,0.28014767881341773,1,1.0,0,1
8667387,1.0,1.1726593406593406,0.0,20.0,0.21929824561403508,0.11376667935987973,0.6698598624060181,0.17985024795046076,1,0.29158373732623705,1,0.17985024795046076,1,1
8667575,0.0,1.1485791663914393,0.0,20.0,,0.1936516053478367,0.6685342372634256,0.30553203873148727,1,0.5325162531991996,0,0.30553203873148727,1,1
8667923,0.0,1.3141495098039215,0.0,8.0,0.002849002849002849,0.06551304299349489,0.6723734262580684,0.10395618086982278,1,0.3773656562326417,0,1.0,0,1
8667933,0.0,1.2810178477690288,0.0,10.0,0.0027137042062415195,0.14699930762885902,0.6691388022246963,0.23213653989773717,1,0.42257971157027274,0,1.0,0,1
8667940,0.0,1.1745271327533329,0.0,15.0,0.5538461538461539,0.11459938069038568,0.7073644076695953,0.1913099143776028,1,0.4210162516475464,0,0.1913099143776028,1,0
8667958,0.0,1.1719638437533628,0.0,6.0,,0.1170211310505073,0.6444302974387645,0.17797223100321774,1,0.3513656575574267,0,0.17797223100321774,1,1
8668009,0.0,1.2313717557251909,0.0,9.0,1.0,0.12811696649642437,0.6712512066735619,0.2029568573203515,1,0.4059597413020347,0,0.2029568573203515,1,1
8668751,0.0,1.0625549342105263,0.0,8.0,,0.15096182552635817,0.6091196011707652,0.21701098441763722,1,0.41355943261756845,0,0.21701098441763722,1,1
8668834,0.0,1.1689361600076742,0.0,11.0,0.020242914979757085,0.232094028654724,0.6242903518954552,0.34194998825919193,1,0.3428142313715328,1,1.0,0,1
8668983,0.0,1.4921258654966751,0.0,26.0,0.6666666666666666,0.13433797387751836,0.6258484694532032,0.19841750820402662,1,0.31442915027301704,1,0.19841750820402662,1,0
8669039,0.0,1.0425098039215686,3.0,25.0,0.045454545454545456,0.18584732909215845,0.6305095721617159,0.27654130708977487,1,0.5013603551728097,0,1.0,0,1
8669069,0.0,1.132703054187192,0.0,21.0,0.5762483130904184,0.1323171670270907,0.631601737697659,0.19722933618683886,1,0.46342647157445443,0,0.19722933618683886,1,0
8669090,0.0,1.2858664907651713,0.0,6.0,,0.08967271784743015,0.6187411858809119,0.13094272092571668,1,0.4853241005175102,0,0.13094272092571668,1,0
8669132,0.0,1.0938450731707317,0.0,7.0,,0.12949710597318195,0.6580324698196625,0.2011033891281543,1,0.4890925301413359,0,0.2011033891281543,1,1
8669145,0.0,1.3361556250267654,0.0,4.0,0.9630156472261735,0.05929937105762438,0.6164423088180463,0.08626895324667921,1,0.2948833660917601,1,0.08626895324667921,1,1
8669472,0.0,1.067917174177832,0.0,11.0,,0.12298498100557756,0.6751973791571283,0.1959723629675462,1,0.4535903099492471,0,0.1959723629675462,1,1
8669608,1.0,1.4017983935742973,0.0,4.0,1.0,0.11298748766502438,0.6349892980593508,0.16932019533729198,1,0.3355564743855977,1,0.16932019533729198,1,1
8669675,1.0,1.3859239603960396,0.0,27.0,1.0,0.1160534445699139,0.5985701120908185,0.1639400510463839,1,0.252149196750683,1,0.1639400510463839,1,1
8669735,0.0,1.136174607703281,0.0,2.0,0.22702702702702704,0.07311372120353811,0.5872747593092854,0.10133330953195313,1,0.4446945921405391,0,1.0,0,0
8669827,0.0,1.071836837004111,0.0,10.0,1.0,0.12122357870491715,0.5851005333247751,0.1673900341022123,1,0.3288659623727313,1,0.1673900341022123,1,0
8669848,0.0,1.0716234278798085,0.0,18.0,0.7129824561403508,0.10657439506465692,0.6256389774584757,0.15735794550155788,1,0.4907791376823249,0,0.15735794550155788,1,1
8670006,0.0,1.0578694444444445,1.0,17.0,0.08547008547008547,0.2247757715083511,0.6301549926933925,0.334278836179892,1,0.6046268126245903,0,1.0,0,1
8670015,0.0,1.0724315680166148,0.0,16.0,1.0,0.10953638362586543,0.6409755348940669,0.16569593532048388,1,0.364577977234186,0,0.16569593532048388,1,0
8670144,1.0,1.0270184100418411,0.0,4.0,0.6516516516516516,0.05753833201923435,0.647835311550651,0.08796985726949373,1,0.10708799790773171,1,0.08796985726949373,1,0
8670194,0.0,1.1449487765089723,0.0,5.0,,0.049259328738233264,0.6714761825010457,0.0780604597923625,1,0.26943895819323355,1,0.0780604597923625,1,0
8670246,0.0,0.9486807185628742,0.0,17.0,0.007368421052631579,0.14316987971778308,0.7032628542843844,0.23761909748859708,1,0.3453558588666316,1,1.0,0,0
8670288,0.0,1.1372847854356307,0.0,21.0,1.0,0.06272891299287822,0.6459038319919337,0.09561975485794119,1,0.46111259020905426,0,0.09561975485794119,1,1
8670308,0.0,1.1516823501313591,0.0,7.0,0.791005291005291,0.1784671686736478,0.6349319674025687,0.26742224483363164,1,0.3899227141026895,0,0.26742224483363164,1,1
8670406,0.0,1.0771727407407408,1.0,28.0,0.4406779661016949,0.08500446014596402,0.6974043776879254,0.13990665900395408,1,0.38076279527088414,0,1.0,0,1
8670465,0.0,1.1246694444444443,0.0,37.0,0.75,0.1344258283864734,0.6878634747839941,0.21822121709854206,1,0.42291367008954295,0,1.0,0,0
8670601,0.0,1.1375752264095822,1.0,4.0,0.04804804804804805,0.08861165605283472,0.6507813280941631,0.13609367445722123,1,0.34450311593471045,1,1.0,0,1
8670664,0.0,1.595096885813149,2.0,5.0,0.5298507462686567,0.1255083223386795,0.693717585795575,0.2054788996732981,1,0.3545116303619322,0,1.0,0,0
8670673,0.0,1.1421746164574615,0.0,22.0,,0.14380158867882026,0.6717567213182174,0.22797525360571502,1,0.47058932649878377,0,0.22797525360571502,1,1
8670997,0.0,1.3486772136953955,0.0,10.0,1.0,0.135973725527551,0.5712199756628213,0.18330334332044876,1,0.36649935786663224,0,0.18330334332044876,1,0
8671034,0.0,1.2653419354838709,0.0,9.0,0.501010101010101,0.14672546008201895,0.6625764596364148,0.22943173267601696,1,0.4957796314573562,0,0.22943173267601696,1,0
8671078,0.0,1.2229933184855235,0.0,8.0,,0.17612617609770162,0.6833626699299249,0.28404500730470944,1,0.42838389136306537,0,0.28404500730470944,1,1
8671142,1.0,0.9160982456140351,0.0,10.0,0.5454545454545454,0.10679783031399892,0.6721031103932364,0.16939880329199908,1,0.07157499864853886,1,0.16939880329199908,1,0
8671147,0.0,1.3039113846153847,0.0,5.0,1.0,0.21385963865456956,0.6276062884238887,0.31675838358081737,1,0.39510685968353304,0,0.31675838358081737,1,0
8671206,0.0,0.9881081422924901,0.0,4.0,0.7361344537815127,0.09936269925852698,0.631835678145729,0.1481629203854276,1,0.2632254310529148,1,0.1481629203854276,1,1
8671480,0.0,1.1325666666666667,0.0,41.0,1.0,0.12832727006994324,0.6481013226777794,0.19627901338438283,1,0.40710262002123676,0,1.0,0,1
8671707,1.0,1.2394045139866043,0.0,8.0,0.24324324324324326,0.15537610684816466,0.6744097772344623,0.2472977108325878,1,0.36569946336152,0,0.2472977108325878,1,0
8672155,0.0,1.191832720232333,1.0,17.0,0.5002560163850487,0.14500385793453266,0.6823937707459959,0.23352136135724336,1,0.47189359014188764,0,0.23352136135724336,1,1
8672300,1.0,1.0729144005358338,0.0,6.0,0.08333333333333333,0.08466615738694443,0.5708645069988683,0.11406565390300041,1,0.09309945261067427,1,0.11406565390300041,1,0
8672494,0.0,1.1462121212121212,0.0,16.0,0.5413105413105413,0.18696416997969595,0.6307830344285542,0.2783238304673323,1,0.5163257245562027,0,0.2783238304673323,1,1
8672590,0.0,1.3656316916488223,2.0,13.0,0.008547008547008548,0.18081708540676386,0.6343264567704128,0.27068506421871646,1,0.5066038543581556,0,1.0,0,0
8672720,0.0,1.5254698533405757,1.0,5.0,0.22580645161290322,0.1524579125740625,0.6284777309573016,0.22612671098803894,1,0.38352546630604833,0,1.0,0,1
8673189,0.0,1.4037652050919378,0.0,4.0,,0.21195082504699658,0.6881887911949546,0.34423474971320345,1,0.48519874620432457,0,0.34423474971320345,1,1
8673299,0.0,1.4544243281471005,0.0,6.0,,0.025132763128874518,0.6979045994314229,0.04139503952238633,1,0.34398271110157247,1,0.04139503952238633,1,1
8673309,0.0,1.3175940915805022,0.0,10.0,,0.12210256707563945,0.7155073345083198,0.20618206623959728,1,0.3104702495743187,1,0.20618206623959728,1,1
8673356,0.0,1.1131869742198102,0.0,3.0,,0.14938157641577773,0.7004819901301013,0.24694828529013002,1,0.46754381861423644,0,0.24694828529013002,1,1
8673645,0.0,1.2386394557823128,0.0,5.0,1.0,0.13787195738246424,0.5548751142719075,0.1805440547336679,1,0.28771509663450395,1,0.1805440547336679,1,0
8673696,0.0,1.6,1.0,8.0,0.019461697722567287,0.08551643396295236,0.6637579870612014,0.13395882992024732,1,0.5761664633501731,0,1.0,0,1
8673767,0.0,1.5131031358885016,0.0,3.0,0.9734848484848485,0.15320462963146225,0.6415801934103209,0.2319716119483319,1,0.2091001308714497,1,0.2319716119483319,1,0
8673887,0.0,1.3294305974864846,0.0,18.0,,0.17256487639496934,0.7100677957697281,0.2891773169253614,1,0.4228407327321937,0,0.2891773169253614,1,0
8674298,0.0,0.8571049345417926,1.0,9.0,0.2534690101757632,0.13869993268418457,0.6217901303862108,0.20353170817868835,1,0.2644729459089406,1,1.0,0,1
8674470,0.0,0.9648379814077025,0.0,7.0,0.0037267080745341614,0.12224044865942826,0.6929828836417762,0.1999168711188332,1,0.27873229436394603,1,1.0,0,0
8674646,0.0,1.1992791084626397,0.0,7.0,1.0,0.09180549190289201,0.6758590344897981,0.146432267839305,1,0.2960418387620695,1,0.146432267839305,1,1
8674897,0.0,1.3444763925729444,0.0,10.0,0.43478260869565216,0.15858875844515113,0.6943111184946535,0.2598594542858859,1,0.28816821335167075,1,1.0,0,0
8674912,0.0,1.0412014134275618,0.0,26.0,0.49019607843137253,0.15509596372987627,0.6168779683296136,0.22579366788427047,1,0.37320878744981983,0,1.0,0,1
8674950,0.0,1.0075303303303302,0.0,6.0,1.0,0.11569521079742873,0.6091221098835371,0.16631512573426688,1,0.21869120195569766,1,0.16631512573426688,1,0
8675404,0.0,1.0574789554531492,1.0,7.0,0.002777777777777778,0.14007930167732102,0.6609374993516978,0.2184974455332359,1,0.4048258729554471,0,1.0,0,1
8675417,0.0,1.0326430930849624,0.0,3.0,0.08695652173913043,0.11942410480213296,0.6418983653606274,0.18091320487086313,1,0.3280959282578019,1,1.0,0,1
8675466,0.0,1.3231114736269711,0.0,8.0,,0.06353324893908574,0.6644535059407493,0.09962714040326129,1,0.43898377249449294,0,0.09962714040326129,1,0
8675528,0.0,1.1957778226349078,0.0,6.0,,0.1106227178641408,0.6634641609610885,0.17321033251068305,1,0.2811681427805825,1,0.17321033251068305,1,1
8675995,0.0,1.3034216349106502,0.0,4.0,,0.1003331917118914,0.6549347097975263,0.1550795879206537,1,0.27689446644933896,1,0.1550795879206537,1,0
8676567,0.0,1.2401442944785275,0.0,24.0,0.1675531914893617,0.24065285027025773,0.6030761507580958,0.3425115072794853,1,0.4360404337297066,0,1.0,0,1
8677061,1.0,1.4407859938208034,1.0,6.0,1.0,0.1345456020514427,0.6897138865802651,0.21900320946711005,1,0.31950453214190366,1,0.21900320946711005,1,0
8678480,0.0,1.1547256,0.0,4.0,0.5766666666666667,0.1571182201923667,0.630166801224644,0.23366521950924987,1,0.2888776064001789,1,0.23366521950924987,1,1
8680393,0.0,0.9988948881789137,0.0,8.0,0.6464864864864864,0.07348834579463646,0.6159461266204858,0.10682507418772953,1,0.21959322797225797,1,0.10682507418772953,1,0
