indicator,mean_train_actual,mean_prod_actual,min_date,max_date,days_delinquent,days_total
DQ1_1,0.190649843191598,0.002628120893561104,2021-10,2022-02,1,30
DQ1_2,0.3481146524688207,0.4073587385019711,2021-10,2022-02,1,60
DQ1_3,0.4625847859382977,0.5558475689881734,2021-10,2022-02,1,90
DQ1_4,0.5440157537743417,0.668856767411301,2021-10,2022-02,1,120
DQ1_5,0.6038946831011597,0.7240473061760841,2021-10,2022-02,1,150
DQ1_6,0.646050616293487,0.7621550591327201,2021-10,2022-02,1,180
DQ1_7,0.6787615782947998,0.8015768725361366,2021-10,2022-02,1,210
DQ1_8,0.7050178688644154,0.8199737187910644,2021-10,2022-02,1,240
DQ1_9,0.7275909853402378,0.8396846254927727,2021-10,2022-02,1,270
DQ1_10,0.744219969367661,0.8515111695137977,2021-10,2022-02,1,300
DQ1_11,0.7592079352344833,0.8699080157687253,2021-10,2022-02,1,330
DQ1_12,0.7714244037634016,0.8725361366622865,2021-10,2022-02,1,360
DQ1_13,0.7826197943257238,0.8817345597897503,2021-10,2022-02,1,390
DQ1_14,0.7927576398512144,0.8948751642575559,2021-10,2022-02,1,420
DQ1_15,0.8015462037779885,0.897503285151117,2021-10,2022-02,1,450
DQ1_16,0.8083655459120415,0.9053876478318003,2021-10,2022-02,1,480
DQ1_17,0.8144555466413829,0.9053876478318003,2021-10,2022-02,1,510
DQ1_18,0.819269199912479,0.9132720105124835,2021-10,2022-02,1,540
DQ1_19,0.82470279337758,0.9132720105124835,2021-10,2022-02,1,570
DQ1_20,0.8291517759463205,0.9172141918528253,2021-10,2022-02,1,600
DQ1_21,0.8325796805484648,0.9211563731931669,2021-10,2022-02,1,630
DQ1_22,0.836262854642258,0.923784494086728,2021-10,2022-02,1,660
DQ1_23,0.8401648311574648,0.926412614980289,2021-10,2022-02,1,690
DQ1_24,0.8433009991977245,0.9329829172141918,2021-10,2022-02,1,720
DQ15_1,0.009809641893370287,0.0,2021-10,2022-02,15,30
DQ15_2,0.0353001239880388,0.11432325886990802,2021-10,2022-02,15,60
DQ15_3,0.06735467872511122,0.21419185282522996,2021-10,2022-02,15,90
DQ15_4,0.10072204799066443,0.31011826544021026,2021-10,2022-02,15,120
DQ15_5,0.1345999562395157,0.38107752956636004,2021-10,2022-02,15,150
DQ15_6,0.16727445117059295,0.4231274638633377,2021-10,2022-02,15,180
DQ15_7,0.1976879877470644,0.48226018396846254,2021-10,2022-02,15,210
DQ15_8,0.2233608051929108,0.5229960578186597,2021-10,2022-02,15,240
DQ15_9,0.24783020932098315,0.5479632063074902,2021-10,2022-02,15,270
DQ15_10,0.2709503318503391,0.5650459921156373,2021-10,2022-02,15,300
DQ15_11,0.29312231055357013,0.5860709592641261,2021-10,2022-02,15,330
DQ15_12,0.3122675224272482,0.5992115637319316,2021-10,2022-02,15,360
DQ15_13,0.33338195609364746,0.6123521681997371,2021-10,2022-02,15,390
DQ15_14,0.35052147910436876,0.6386333771353482,2021-10,2022-02,15,420
DQ15_15,0.36667639121872947,0.6478318002628121,2021-10,2022-02,15,450
DQ15_16,0.3825395667712056,0.6622864651773982,2021-10,2022-02,15,480
DQ15_17,0.3981110057617971,0.6767411300919842,2021-10,2022-02,15,510
DQ15_18,0.41076507913354243,0.6859395532194481,2021-10,2022-02,15,540
DQ15_19,0.4236379549267012,0.6977660972404731,2021-10,2022-02,15,570
DQ15_20,0.43621909415797533,0.7069645203679369,2021-10,2022-02,15,600
DQ15_21,0.44712274815841296,0.7253613666228647,2021-10,2022-02,15,630
DQ15_22,0.4574793961053169,0.735873850197109,2021-10,2022-02,15,660
DQ15_23,0.4671431697177449,0.7450722733245729,2021-10,2022-02,15,690
DQ15_24,0.4752023922398075,0.7516425755584757,2021-10,2022-02,15,720
DQ30_1,0.000656407264240391,0.0,2021-10,2022-02,30,30
DQ30_2,0.005725330026985632,0.05519053876478318,2021-10,2022-02,30,60
DQ30_3,0.01600904383341842,0.10775295663600526,2021-10,2022-02,30,90
DQ30_4,0.02891838669681278,0.1616294349540079,2021-10,2022-02,30,120
DQ30_5,0.045547370724236015,0.19973718791064388,2021-10,2022-02,30,150
DQ30_6,0.06111880971482751,0.24178712220762155,2021-10,2022-02,30,180
DQ30_7,0.07738312303989497,0.2996057818659658,2021-10,2022-02,30,210
DQ30_8,0.09200641820436146,0.33902759526938236,2021-10,2022-02,30,240
DQ30_9,0.10517103055940485,0.36662286465177396,2021-10,2022-02,30,270
DQ30_10,0.11789803807162133,0.3902759526938239,2021-10,2022-02,30,300
DQ30_11,0.13179199183137627,0.4126149802890933,2021-10,2022-02,30,330
DQ30_12,0.14564947852089563,0.4244415243101183,2021-10,2022-02,30,360
DQ30_13,0.15939756399970825,0.43626806833114323,2021-10,2022-02,30,390
DQ30_14,0.17289037998687184,0.44940867279894875,2021-10,2022-02,30,420
DQ30_15,0.18499744730508352,0.4704336399474376,2021-10,2022-02,30,450
DQ30_16,0.19845379622201154,0.4940867279894875,2021-10,2022-02,30,480
DQ30_17,0.2116184085770549,0.5098554533508541,2021-10,2022-02,30,510
DQ30_18,0.2243089490190358,0.5282522996057819,2021-10,2022-02,30,540
DQ30_19,0.23689008825030997,0.5413929040735874,2021-10,2022-02,30,570
DQ30_20,0.24954416162205528,0.557161629434954,2021-10,2022-02,30,600
DQ30_21,0.26146889358908904,0.5873850197109067,2021-10,2022-02,30,630
DQ30_22,0.2722996134490555,0.607095926412615,2021-10,2022-02,30,660
DQ30_23,0.28229159069360366,0.6149802890932983,2021-10,2022-02,30,690
DQ30_24,0.2928305739916855,0.6320630749014454,2021-10,2022-02,30,720
DQ60_3,0.002224491284370214,0.04993429697766097,2021-10,2022-02,60,90
DQ60_4,0.0064911385019327545,0.06964520367936924,2021-10,2022-02,60,120
DQ60_5,0.01272700751221647,0.08147174770039421,2021-10,2022-02,60,150
DQ60_6,0.020968565385456932,0.09592641261498029,2021-10,2022-02,60,180
DQ60_7,0.02818904529210123,0.12483574244415244,2021-10,2022-02,60,210
DQ60_8,0.0364306031653417,0.1392904073587385,2021-10,2022-02,60,240
DQ60_9,0.043833418423163885,0.14848883048620237,2021-10,2022-02,60,270
DQ60_10,0.04879293997520239,0.15505913272010513,2021-10,2022-02,60,300
DQ60_11,0.05400773101888994,0.164257555847569,2021-10,2022-02,60,330
DQ60_12,0.062285755962365984,0.17871222076215507,2021-10,2022-02,60,360
DQ60_13,0.07081905039749106,0.19185282522996058,2021-10,2022-02,60,390
DQ60_14,0.07942527897308731,0.2233902759526938,2021-10,2022-02,60,420
DQ60_15,0.08835971118080374,0.2483574244415243,2021-10,2022-02,60,450
DQ60_16,0.09671067026475093,0.26938239159001315,2021-10,2022-02,60,480
DQ60_17,0.10641091094741449,0.2812089356110381,2021-10,2022-02,60,510
DQ60_18,0.11636642112172708,0.3035479632063075,2021-10,2022-02,60,540
DQ60_19,0.127415943403107,0.3180026281208936,2021-10,2022-02,60,570
DQ60_20,0.13715265115600614,0.33771353482260186,2021-10,2022-02,60,600
DQ60_21,0.146305885785136,0.3600525624178712,2021-10,2022-02,60,630
DQ60_22,0.15618846181897747,0.3771353482260184,2021-10,2022-02,60,660
DQ60_23,0.16483115746480928,0.3876478318002628,2021-10,2022-02,60,690
DQ60_24,0.1731456494785209,0.3968462549277267,2021-10,2022-02,60,720
DQ90_4,0.0015316169498942455,0.045992115637319315,2021-10,2022-02,90,120
DQ90_5,0.00441251549850485,0.05387647831800263,2021-10,2022-02,90,150
DQ90_6,0.009189701699365473,0.06701708278580815,2021-10,2022-02,90,180
DQ90_7,0.014915031726351105,0.08278580814717477,2021-10,2022-02,90,210
DQ90_8,0.02034862519145212,0.09855453350854139,2021-10,2022-02,90,240
DQ90_9,0.02607395521843775,0.1116951379763469,2021-10,2022-02,90,270
DQ90_10,0.03179928524542338,0.11695137976346912,2021-10,2022-02,90,300
DQ90_11,0.034971920355918604,0.12614980289093297,2021-10,2022-02,90,330
DQ90_12,0.03814455546641383,0.14323258869908015,2021-10,2022-02,90,360
DQ90_13,0.04507329881117351,0.15243101182654403,2021-10,2022-02,90,390
DQ90_14,0.051856173874990884,0.16557161629434955,2021-10,2022-02,90,420
DQ90_15,0.0598424622565823,0.17871222076215507,2021-10,2022-02,90,450
DQ90_16,0.06746407993581796,0.19973718791064388,2021-10,2022-02,90,480
DQ90_17,0.0741375537889286,0.20893561103810776,2021-10,2022-02,90,510
DQ90_18,0.08237911166216906,0.21944809461235218,2021-10,2022-02,90,540
DQ90_19,0.0914594121508278,0.22864651773981604,2021-10,2022-02,90,570
DQ90_20,0.09991977244548172,0.23390275952693823,2021-10,2022-02,90,600
DQ90_21,0.10845306688060681,0.25098554533508544,2021-10,2022-02,90,630
DQ90_22,0.1163299540514915,0.2680683311432326,2021-10,2022-02,90,660
DQ90_23,0.1251549850485012,0.27463863337713534,2021-10,2022-02,90,690
DQ90_24,0.1325213332360878,0.27726675427069647,2021-10,2022-02,90,720
