feature,propna
ln_was_empty__ln,1.0
bankcard_reason4__ln,1.0
telecommunications_reason1__ln,1.0
telecommunications_score__ln,1.0
short_term_lending_reason5__ln,1.0
short_term_lending_reason4__ln,1.0
short_term_lending_reason3__ln,1.0
short_term_lending_reason2__ln,1.0
short_term_lending_reason1__ln,1.0
short_term_lending_score__ln,1.0
bankcard_reason5__ln,1.0
bankcard_reason3__ln,1.0
telecommunications_reason3__ln,1.0
bankcard_reason2__ln,1.0
bankcard_reason1__ln,1.0
bankcard_score__ln,1.0
auto_reason5__ln,1.0
auto_reason3__ln,1.0
auto_reason2__ln,1.0
auto_reason1__ln,1.0
auto_score__ln,1.0
analyticsmatchkey__ln,1.0
telecommunications_reason2__ln,1.0
auto_reason4__ln,1.0
telecommunications_reason4__ln,1.0
alert3__ln,1.0
telecommunications_reason5__ln,1.0
intscore__ln,1.0
alert10__ln,1.0
alert9__ln,1.0
alert7__ln,1.0
attribute_index__ln,1.0
alert6__ln,1.0
alert5__ln,1.0
alert4__ln,1.0
alert8__ln,1.0
alert2__ln,1.0
crossindustry_reason2__ln,1.0
alert1__ln,1.0
crossindustry_score_name__ln,1.0
crossindustry_reason1__ln,1.0
crossindustry_score__ln,1.0
crossindustry_reason3__ln,1.0
crossindustry_reason4__ln,1.0
crossindustry_reason5__ln,1.0
crossindustry_index__ln,1.0
addrinputtaxmarketvalue__ln,0.010521288401297953
addrinputavmvalue__ln,0.010521288401297953
addrinputtractratio__ln,0.010521288401297953
addrinputavmvalue12month__ln,0.010521288401297953
addrinputavmratio12monthprior__ln,0.010521288401297953
addrinputavmvalue60month__ln,0.010521288401297953
addrinputavmratio60monthprior__ln,0.010521288401297953
addrinputcountyratio__ln,0.010521288401297953
addrcurrenttimenewest__ln,0.010521288401297953
addrinputblockratio__ln,0.010521288401297953
addrinputproblems__ln,0.010521288401297953
addrcurrenttimeoldest__ln,0.010521288401297953
addrcurrentlengthofres__ln,0.010521288401297953
addrcurrentsubjectowned__ln,0.010521288401297953
addrinputtaxvalue__ln,0.010521288401297953
addrcurrentdeedmailing__ln,0.010521288401297953
addrinputtaxyr__ln,0.010521288401297953
addrinputmatchindex__ln,0.010521288401297953
addrinputlastsaleprice__ln,0.010521288401297953
addrinputtimelastsale__ln,0.010521288401297953
addrcurrentphoneservice__ln,0.010521288401297953
addronfilecollege__ln,0.010521288401297953
addronfilehighrisk__ln,0.010521288401297953
addrinputtimeoldest__ln,0.010521288401297953
addrinputtimenewest__ln,0.010521288401297953
addrinputlengthofres__ln,0.010521288401297953
addrinputsubjectcount__ln,0.010521288401297953
addrinputsubjectowned__ln,0.010521288401297953
addrinputdeedmailing__ln,0.010521288401297953
addrinputownershipindex__ln,0.010521288401297953
addrinputphoneservice__ln,0.010521288401297953
addrinputphonecount__ln,0.010521288401297953
addrinputdwelltype__ln,0.010521288401297953
addrinputdwelltypeindex__ln,0.010521288401297953
addrinputdelivery__ln,0.010521288401297953
addrcurrentownershipindex__ln,0.010521288401297953
addrpreviousdwelltypeindex__ln,0.010521288401297953
addrcurrentdwelltype__ln,0.010521288401297953
addrprevioussubjectowned__ln,0.010521288401297953
addrpreviousdwelltype__ln,0.010521288401297953
addronfilecount__ln,0.010521288401297953
addrpreviouscorrectional__ln,0.010521288401297953
addrstabilityindex__ln,0.010521288401297953
addrchangecount03month__ln,0.010521288401297953
addrchangecount06month__ln,0.010521288401297953
addrchangecount12month__ln,0.010521288401297953
addrchangecount24month__ln,0.010521288401297953
addrchangecount60month__ln,0.010521288401297953
addrlastmovetaxratiodiff__ln,0.010521288401297953
addrlastmoveecontrajectory__ln,0.010521288401297953
addrlastmoveecontrajectoryindex__ln,0.010521288401297953
phoneinputproblems__ln,0.010521288401297953
phoneinputsubjectcount__ln,0.010521288401297953
phoneinputmobile__ln,0.010521288401297953
addrpreviousownershipindex__ln,0.010521288401297953
addrpreviouslengthofres__ln,0.010521288401297953
addrcurrentdwelltypeindex__ln,0.010521288401297953
addrprevioustimenewest__ln,0.010521288401297953
addrcurrenttimelastsale__ln,0.010521288401297953
addrcurrentlastsalesprice__ln,0.010521288401297953
addrcurrenttaxvalue__ln,0.010521288401297953
addrcurrenttaxyr__ln,0.010521288401297953
addrcurrenttaxmarketvalue__ln,0.010521288401297953
addrcurrentavmvalue__ln,0.010521288401297953
addrcurrentavmvalue12month__ln,0.010521288401297953
addrcurrentavmratio12monthprior__ln,0.010521288401297953
addrcurrentavmvalue60month__ln,0.010521288401297953
addrcurrentavmratio60monthprior__ln,0.010521288401297953
addrcurrentcountyratio__ln,0.010521288401297953
addrcurrenttractratio__ln,0.010521288401297953
addrcurrentblockratio__ln,0.010521288401297953
addrcurrentcorrectional__ln,0.010521288401297953
addrprevioustimeoldest__ln,0.010521288401297953
addronfilecorrectional__ln,0.010521288401297953
ssnproblems__ln,0.010521288401297953
assetpropindex__ln,0.010521288401297953
inputprovidedstreetaddress__ln,0.010521288401297953
sourcenonderogcount03month__ln,0.010521288401297953
sourcenonderogcount06month__ln,0.010521288401297953
sourcenonderogcount12month__ln,0.010521288401297953
sourcecredheadertimeoldest__ln,0.010521288401297953
sourcecredheadertimenewest__ln,0.010521288401297953
sourcevoterregistration__ln,0.010521288401297953
educationattendance__ln,0.010521288401297953
inputprovidedfirstname__ln,0.010521288401297953
educationevidence__ln,0.010521288401297953
educationprogramattended__ln,0.010521288401297953
educationinstitutionprivate__ln,0.010521288401297953
educationinstitutionrating__ln,0.010521288401297953
profliccount__ln,0.010521288401297953
proflictypecategory__ln,0.010521288401297953
businessassociation__ln,0.010521288401297953
businessassociationindex__ln,0.010521288401297953
businessassociationtimeoldest__ln,0.010521288401297953
businesstitleleadership__ln,0.010521288401297953
assetindex__ln,0.010521288401297953
assetindexprimaryfactor__ln,0.010521288401297953
assetownership__ln,0.010521288401297953
assetprop__ln,0.010521288401297953
ssndatelowissued__ln,0.010521288401297953
assetpropevercount__ln,0.010521288401297953
assetpropcurrentcount__ln,0.010521288401297953
sourcenonderogcount__ln,0.010521288401297953
sourcenonderogprofileindex__ln,0.010521288401297953
confirmationinputaddress__ln,0.010521288401297953
subjectactivityindex12month__ln,0.010521288401297953
inputprovidedstate__ln,0.010521288401297953
inputprovidedzipcode__ln,0.010521288401297953
inputprovidedssn__ln,0.010521288401297953
inputprovideddateofbirth__ln,0.010521288401297953
inputprovidedphone__ln,0.010521288401297953
inputprovidedlexid__ln,0.010521288401297953
subjectrecordtimeoldest__ln,0.010521288401297953
subjectrecordtimenewest__ln,0.010521288401297953
subjectnewestrecord12month__ln,0.010521288401297953
subjectactivityindex03month__ln,0.010521288401297953
subjectactivityindex06month__ln,0.010521288401297953
subjectage__ln,0.010521288401297953
confirmationinputssn__ln,0.010521288401297953
subjectdeceased__ln,0.010521288401297953
subjectssncount__ln,0.010521288401297953
subjectstabilityindex__ln,0.010521288401297953
subjectstabilityprimaryfactor__ln,0.010521288401297953
subjectabilityindex__ln,0.010521288401297953
subjectabilityprimaryfactor__ln,0.010521288401297953
subjectwillingnessindex__ln,0.010521288401297953
subjectwillingnessprimaryfactor__ln,0.010521288401297953
inputprovidedlastname__ln,0.010521288401297953
confirmationinputname__ln,0.010521288401297953
confirmationinputdob__ln,0.010521288401297953
assetpropcurrenttaxtotal__ln,0.010521288401297953
assetproppurchasecount12month__ln,0.010521288401297953
assetproppurchasetimeoldest__ln,0.010521288401297953
bankruptcystatus__ln,0.010521288401297953
lienjudgmentsmallclaimscount__ln,0.010521288401297953
lienjudgmentcourtcount__ln,0.010521288401297953
lienjudgmenttaxcount__ln,0.010521288401297953
lienjudgmentforeclosurecount__ln,0.010521288401297953
lienjudgmentothercount__ln,0.010521288401297953
lienjudgmenttimenewest__ln,0.010521288401297953
lienjudgmentdollartotal__ln,0.010521288401297953
bankruptcycount__ln,0.010521288401297953
bankruptcycount24month__ln,0.010521288401297953
bankruptcytimenewest__ln,0.010521288401297953
bankruptcychapter__ln,0.010521288401297953
bankruptcydismissed24month__ln,0.010521288401297953
lienjudgmentcount__ln,0.010521288401297953
shorttermloanrequest__ln,0.010521288401297953
shorttermloanrequest12month__ln,0.010521288401297953
shorttermloanrequest24month__ln,0.010521288401297953
inquiryauto12month__ln,0.010521288401297953
inquirybanking12month__ln,0.010521288401297953
inquirytelcom12month__ln,0.010521288401297953
inquirynonshortterm12month__ln,0.010521288401297953
inquiryshortterm12month__ln,0.010521288401297953
inquirycollections12month__ln,0.010521288401297953
ssnsubjectcount__ln,0.010521288401297953
ssndeceased__ln,0.010521288401297953
lienjudgmentcount12month__ln,0.010521288401297953
lienjudgmentseverityindex__ln,0.010521288401297953
assetproppurchasetimenewest__ln,0.010521288401297953
purchaseactivitydollartotal__ln,0.010521288401297953
assetpropnewestmortgagetype__ln,0.010521288401297953
assetpropeversoldcount__ln,0.010521288401297953
assetpropsoldcount12month__ln,0.010521288401297953
assetpropsaletimeoldest__ln,0.010521288401297953
assetpropsaletimenewest__ln,0.010521288401297953
assetpropnewestsaleprice__ln,0.010521288401297953
assetpropsalepurchaseratio__ln,0.010521288401297953
assetpersonal__ln,0.010521288401297953
assetpersonalcount__ln,0.010521288401297953
purchaseactivityindex__ln,0.010521288401297953
purchaseactivitycount__ln,0.010521288401297953
derogseverityindex__ln,0.010521288401297953
evictiontimenewest__ln,0.010521288401297953
derogcount__ln,0.010521288401297953
derogcount12month__ln,0.010521288401297953
derogtimenewest__ln,0.010521288401297953
criminalfelonycount__ln,0.010521288401297953
criminalfelonycount12month__ln,0.010521288401297953
criminalfelonytimenewest__ln,0.010521288401297953
criminalnonfelonycount__ln,0.010521288401297953
criminalnonfelonycount12month__ln,0.010521288401297953
criminalnonfelonytimenewest__ln,0.010521288401297953
evictioncount__ln,0.010521288401297953
evictioncount12month__ln,0.010521288401297953
inputprovidedcity__ln,0.010521288401297953
uniqueid__ln,0.00011237691216339603
confirmationsubjectfound__ln,0.00011237691216339603
alertregulatorycondition__ln,0.00011237691216339603
dtmstampcreation__ln,7.023557010212251e-05
bitinvalid__ln,7.023557010212251e-05
biglnriskviewscoreid__ln,7.023557010212251e-05
bigdebtorid__ln,7.023557010212251e-05
bigaccountid__ln,7.023557010212251e-05
biglnriskviewattributesv5id__ln,7.023557010212251e-05
