feature,reason,model,description,Change Reason/Comment
inquiryshortterm12month__ln,Excessive inquiries,gen_xii,Indicates subject has one or more LexisNexis personal finance credit inquiries on file in the last 12 months (multiple personal finance inquiries within a 24-hour period are counted as one inquiry),
bkc84__tu,Excessive Account Balances,gen_xii,Months since a Bankcard trade last exceeded 90% utilization,
linkf165__tu,Excessive number of sources for phone number or email addresses,gen_xii,Number of distinct home phones within last 18 months,
rt21s__tu,"Insufficient credit file, Length of Credit",gen_xii,Months since most recent retail trade opened,
lienjudgmenttaxcount__ln,Tax or other liens,gen_xii,"Total federal, state, and county tax liens on subject's file",
linka015__tu,Excessive Bank Account Closures,gen_xii,Number of checking account closures for cause in the last 6 months,
g216s__tu,Delinquent credit obligations,gen_xii,Number of trades with a delinquency of 90 or more days past due since opening a new trade (within past 24 months),
ret84__tu,Excessive Account Balances,gen_xii,Months since a Retail trade last exceeded 90% utilization,
bc01s__tu,Excessive Number of Accounts,gen_xii,Number of credit card trades,
std202__tu,Excessive payment to income,gen_xii,Total Payment Ratio for Student Loan accounts over the past 3 months,
bc107s__tu,Delinquent credit obligations,gen_xii,Number of 30 and 60 days past due ratings on credit card trades,
trv09__tu,Excessive Account Balances,gen_xii,Number of non-mortgage balance decreases YOY,
re21s__tu,"Insufficient credit file, Length of Credit",gen_xii,Months since most recent revolving trade opened,
linkf170__tu,Excessive number of sources for phone number or email addresses,gen_xii,Number of distinct home phones within last 6 months,
fc04s__tu,Delinquent credit obligations,gen_xii,Months since most recent foreclosure trade reported,
g003c__tu,Delinquent credit obligations,gen_xii,Number of real estate trades with 90 or more days past due ratings in past 12 months,
bc108s__tu,Delinquent credit obligations,gen_xii,Number of 90 or more days past due ratings on credit card trades,
linka031__tu,Delinquent credit obligations,gen_xii,Number of open (unpaid) non-sufficient funds in the last 3 years,
trv18__tu,Excessive Account Balances,gen_xii,Number of months bankcard credit limit increases last 12 months,
in25s__tu,Delinquent credit obligations,gen_xii,Number of currently open and satisfactory installment trades 12 months or older,
linkf037__tu,Excessive inquiries,gen_xii,Number of inquiries within last 3 months ONLINE LENDER,
rev14__tu,High revolving credit balances,gen_xii,Number of instances where a Revolving trade was utilized more than 90% in the past 12 months,
linkf133__tu,Excessive Account Balances,gen_xii,Average balance of open trades (including collection),
rvdexq3__tu,High revolving credit balances,gen_xii,Q3 (Jul - Sep) revolving spend indexed to revolving annual spend,
linkf171__tu,Excessive number of sources for phone number or email addresses,gen_xii,Number of distinct home phones within last 9 months,
of36s__tu,Delinquent credit obligations,gen_xii,Months since most recent credit union delinquency,
linkf204__tu,Derogatory Payments on accounts,gen_xii,Total Bad ACH amount in last 3 Months,
linka049__tu,Excessive Inquiries,gen_xii,Number of checking account inquiries in the last 2 months,
linkf140__tu,Excessive number of credit obligations or accounts,gen_xii,Number of distinct bank accounts within last 24 months,
linkf151__tu,Excessive number of sources for phone number or email addresses,gen_xii,Number of distinct cell phones within last 3 months,
linkf006__tu,Excessive obligations in relation to income,gen_xii,Number of NSF within last 6 months,
linkf015__tu,Excessive obligations in relation to income,gen_xii,Number of NSF within last 7 years,
at01a__tu,Excessive Number of Accounts,gen_xii,Number of authorized user trades,
linkf076__tu,Delinquent credit obligations,gen_xii,"Total dollar amount of return, collection, and closed delinquent trade segments within last 12 months",
rp05s__tu,Derogatory Payments on accounts,gen_xii,Total balance of repossession trades,
linkf143__tu,Excessive number of credit obligations or accounts,gen_xii,Number of distinct bank accounts within last 6 months,
linka066__tu,Excessive obligations in relation to income,gen_xii,Total amount of open (unpaid) non-sufficient funds in the last 3 years,
au27s__tu,Excessive Number of Accounts,gen_xii,Number of currently open and satisfactory auto trades 24 months or older,
g242s__tu,Excessive inquiries,gen_xii,Number of inquiries (includes duplicates) in past 3 months,
std203__tu,Excessive payment to income,gen_xii,Total Payment Ratio for Student Loan accounts over the past 6 months,
inquirynonshortterm12month__ln,Excessive inquiries,gen_xii,"Indicates subject has one or more LexisNexis credit inquiries on file in the last 12 months, excluding personal finance credit and collection inquiries
NOTE: This attribute indicates the subject has any LexisNexis credit inquiry on file, excluding any short-term or collection inquiries. This will include auto, banking, and telecom inquiries returned in other attributes as well as other credit-related inquiries not categorically classified in the attributes.",
linka029__tu,Excessive Inquiries,gen_xii,Number of checking account inquiries in the last 3 years,
cv02__tu,Derogatory Payments on accounts,gen_xii,Months since most recent foreclosure occurrence,
mt20s__tu,Insufficient length of credit history,gen_xii,Months since oldest mortgage trade opened,Excessive obligations in relation to income
g219d__tu,Delinquent credit obligations,gen_xii,Number of credit card trades verified in the past 12 months that are currently 60 days or more past due,
g099a__tu,Derogatory Public record,gen_xii,Number of tradeline bankruptcies verified in past 24 months,
criminalfelonycount__ln,Derogatory public record,gen_xii,Total felony criminal convictions on subject's file,
linkt010__tu,Derogatory public record,gen_xii,Number of public record bankruptcies ,
s064a__tu,Delinquent credit obligations,gen_xii,Total placement amount of third party collections,
g960s__tu,Excessive inquiries,gen_xii,Number of deduped inquiries,
aut205__tu,Excessive payment to income,gen_xii,Total Payment Ratio for Auto accounts over the past 24 months,
addrinputdeedmailing__ln,Unable to verify consumer identity or information,gen_xii,Indicates for the input address that the property owner's mailing address is the same as the property address for the property record on file,
cv15__tu,Excessive inquiries,gen_xii,Number of deduped auto inquiries,
co06s__tu,Delinquent credit obligations,gen_xii,Total balance of trades that charged-off in the past 12 months,
linka009__tu,Insufficient credit file,gen_xii,Number of days since most recent check order,
linkf146__tu,Excessive number of sources for phone number or email addresses,gen_xii,Number of distinct cell phones within last 12 months,
of34s__tu,Excessive number of credit obligations or accounts,gen_xii,Utilization for open credit union trades verified in past 12 months,
linka046__tu,Excessive Bank Account Closures,gen_xii,Number of checking account closures for cause in the last 2 years,
linka052__tu,Excessive Inquiries,gen_xii,Number of checking account inquiries in the last 2 years,
paymnt01__tu,Excessive Account Balances,gen_xii,Number of prepayments on installment loans last 3 months,
in36s__tu,Delinquent credit obligations,gen_xii,Months since most recent installment delinquency,
fi24s__tu,Excessive Number of Accounts,gen_xii,Number of currently open and satisfactory finance installment trades 6 months or older,
us06s__tu,Excessive Number of Accounts,gen_xii,Number of unsecured installment trades opened in past 6 months,
linka001__tu,Excessive inquiries,gen_xii,Number of checking account inquiries in the last 3 months,
s073a__tu,Delinquent credit obligations,gen_xii,Number of third party collections with balance > $100,
linkf003__tu,Excessive obligations in relation to income,gen_xii,Number of NSF within last 18 months,
linkt009__tu,Derogatory public record,gen_xii,Number of tradeline bankruptcies,
addrinputdelivery__ln,Unable to verify consumer identity or information,gen_xii,Indicates the mail delivery status on file for the input address,
g405s__tu,Excessive inquiries,gen_xii,Number of deduped finance inquiries in past 6 months,
g220d__tu,Delinquent credit obligations,gen_xii,Number of credit card trades verified in the past 12 months that are currently 90 days or more past due,
of28s__tu,Excessive Number of Accounts,gen_xii,Total credit line of open credit union trades verified in past 12 months,
st01s__tu,Excessive Number of Accounts,gen_xii,Number of student loan trades,
rev122__tu,High revolving credit balances,gen_xii,Number of months in the past 12 months where percentage of Revolving trades utilized less than 100% was more than 25%,
criminalnonfelonytimenewest__ln,Derogatory public record,gen_xii,"Time (in months) since most recently recorded non-felony criminal conviction on subject's file
NOTE: This attribute does not include sexual offender registry records",
of20s__tu,"Insufficient credit file, Length of Credit",gen_xii,Months since oldest credit union trade opened,
per235__tu,Excessive Account Balances,gen_xii,Aggregate Excess Payment for Personal Loan accounts over the past 24 months,
linkf020__tu,Excessive Account Balances,gen_xii,Number of satisfactory ACH transactions within last 24 months,Excessive Number of Accounts
at28b__tu,Excessive Number of Accounts,gen_xii,Total credit line of open trades verified in past 12 months (excluding mortgage and home equity),
g406s__tu,Excessive inquiries,gen_xii,Number of deduped finance inquiries in past 12 months,
in27s__tu,Excessive Number of Accounts,gen_xii,Number of currently open and satisfactory installment trades 24 months or older,
addrinputproblems__ln,Unable to verify consumer identity or information,gen_xii,Indicates any problems on file associated with the input address,
linkf199__tu,Derogatory Payments on accounts,gen_xii,Total Good ACH amount,
ENG-loan_to_value,Value or type of collateral not sufficient,gen_xii,Loan to value,
bitdealerapplicantsamezip__app,Unfavorable lending state,gen_xii,Applicant and Dealer Same Zip,
g094s__tu,Derogatory Public record,gen_xii,Number of public record bankruptcies,
g409s__tu,Excessive inquiries,gen_xii,Number of deduped bank inquiries in past 6 months,
s209a__tu,Delinquent credit obligations,gen_xii,Months since most recent non-medical third party collection,
std253__tu,Excessive Account Balances,gen_xii,Average Aggregate Excess Payment for Student Loan accounts over the past 6 months,
linka060__tu,Excessive obligations in relation to income,gen_xii,Total amount of open (unpaid) non-sufficient funds in the last month,
assetpropeversoldcount__ln,Insufficient property value,gen_xii,Total number of real properties identified as ever sold based on real property ownership records on subject's file,
addrcurrentdwelltype__ln,No mortgage loans reported or too few active mortgage accounts,gen_xii,,
ret324__tu,Excessive Account Balances,gen_xii,Min Total Open-to-Buy for Retail accounts over the past 24 months,
at103s__tu,Delinquent credit obligations,gen_xii,Percentage of satisfactory open trades to all open trades verified in 24 months,
rvlr23__tu,High revolving credit balances,gen_xii,Bankcard Revolver/Transactor/Inactive pattern for bankcard with fourth highest balance    month 1 to 8,
addrinputphoneservice__ln,Unable to verify working phone number,gen_xii,Indicates if phone service was found on file for the input address,
agg909__tu,Excessive Account Balances,gen_xii,Months since max aggregate bankcard balance over last 12 months,
linkf035__tu,Delinquent credit obligations,gen_xii,Number of open delinquent and charge-off trade segments ONLINE LENDER,
linka072__tu,Excessive obligations in relation to income,gen_xii,Number of paid non-sufficient funds in the last 2 years,
linkf040__tu,Excessive inquiries,gen_xii,Number of lenders / locations with inquiries or trades all time ONLINE LENDER,
addrinputdwelltypeindex__ln,No mortgage loans reported or too few active mortgage accounts,gen_xii,Index indicating the dwelling type on file for the input address,
fltdowncash__app,Excessive payment to income,gen_xii,Cash Down,
fltapproveddowntotal__app,Excessive payment to income,gen_xii,Down Total,
linkf031__tu,Excessive Account Balances,gen_xii,Number of satisfactory ACH transactions within last 7 years,Excessive Number of Accounts
jt20s__tu,Insufficient length of credit history ,gen_xii,Months since oldest joint trade opened,
linka022__tu,Excessive Inquiries,gen_xii,Number of auto inquiries in the last 3 years,
addrinputownershipindex__ln,No mortgage loans reported or too few active mortgage accounts,gen_xii,Index indicating subject's ownership level at the input address based on the address property record on file,
cv04__tu,Delinquent credit obligations,gen_xii,Months since most recent third party collection occurrence,
linkf061__tu,Delinquent credit obligations,gen_xii,"Number of closed delinquent, return and collection trade segments within last 12 months STOREFRONT LENDER",
at01s__tu,Excessive Number of Accounts,gen_xii,Number of trades,
g051s__tu,Delinquent credit obligations,gen_xii,Percentage of trades ever delinquent,
intopenbktype__app,Derogatory public record,gen_xii,,
addrinputmatchindex__ln,Unable to verify consumer identity or information,gen_xii,Index indicating if the input address matches the current or historical address on file,
addrinputcountyratio__ln,Insufficient property value,gen_xii,Ratio comparison of the input address property value to county median property value on file,
linkt004__tu,Length of residence,gen_xii,Number of non-military non-corroborated addresses in last 5 years,
vehiclemake__app,Insufficient collateral,gen_xii,,
re20s__tu,"Insufficient credit file, Length of Credit",gen_xii,Months since oldest revolving trade opened,
s209s__tu,Delinquent credit obligations,gen_xii,Months since most recent third party collection,
subjectactivityindex12month__ln,Derogatory public record,gen_xii,A risk index summarizing derogatory and non-derogatory source activity for the subject as reported on file within the past 12 months,
bitgap__app,Gap Not Purchased ,gen_xii,,(New AA Reason)
fltadvance__app,Insufficient collateral,gen_xii,,
linkf212__tu,Derogatory Payments on accounts,gen_xii,Total Bad ACH amount,
addrinputphonecount__ln,Excessive number of sources for phone number or email addresses,gen_xii,Total number of unique phone service listings on file currently reported with the input address,
linka020__tu,Excessive inquiries,gen_xii,"Number of credit inquiries in the last 3 years.  
These include credit issuance (credit card, secured card, line of credit, revolving credit, and other credit account originations) , auto, payday, utility, and other credit (installment loan, secured loan, short-term installment loan, insurance, and other non-classified credit)",
at34a__tu,Excessive Account Balances,gen_xii,Utilization for open trades verified in past 12 months,
bankruptcycount24month__ln,Derogatory public record,gen_xii,Total unique bankruptcy case filings on file showing the subject as debtor in the last 24 months,
rle905__tu,Excessive Account Balances,gen_xii,Amount of over-payments on Real-Estate accounts in the past 12 months,
std224__tu,Excessive payment to income,gen_xii,Average total Payment Ratio for Student Loan accounts over the past 12 months,
s207a__tu,Derogatory Public record,gen_xii,Months since most recent tradeline bankruptcy,
br20s__tu,"Insufficient credit file, Length of Credit",gen_xii,Months since oldest bank revolving trade opened,
inputprovidedstreetaddress__ln,Unable to verify residence ,gen_xii,Indicates if the street address for the subject was provided on input,
rev328__tu,High revolving credit balances,gen_xii,Average Total Open-to-Buy for Revolving accounts over the past 24 months,
std225__tu,Excessive payment to income,gen_xii,Average total Payment Ratio for Student Loan accounts over the past 24 months,
fi27s__tu,Excessive Number of Accounts,gen_xii,Number of currently open and satisfactory finance installment trades 24 months or older,
rt36s__tu,Derogatory Payments on accounts,gen_xii,Months since most recent retail delinquency,
at27s__tu,Excessive Number of Accounts,gen_xii,Number of currently open and satisfactory trades 24 months or older,
sourcenonderogcount__ln,Derogatory public record,gen_xii,Total non-derogatory source types on file for subject,
bc97b__tu,Excessive Account Balances,gen_xii,Total open to buy of closed credit cards verified in past 3 months,
linkf098__tu,Delinquent credit obligations,gen_xii,Number of satisfactory trades,
rp03s__tu,Derogatory Payments on accounts,gen_xii,Number of repossession trades in past 24 months,
s204a__tu,Delinquent credit obligations,gen_xii,Total balance of non-medical third party collections verified in past 12 months,
g213a__tu,Delinquent credit obligations,gen_xii,Highest balance of third party collections verified in 24 months,
g305s__tu,Delinquent credit obligations,gen_xii,Worst rating on installment trades,
cv14__tu,Excessive inquiries,gen_xii,Number of deduped inquiries,
fi36s__tu,Delinquent credit obligations,gen_xii,Months since most recent finance installment delinquency,
au01s__tu,Excessive Number of Accounts,gen_xii,Number of auto trades,
au34s__tu,Excessive Account Balances,gen_xii,Utilization for open auto trades verified in past 12 months,
addronfilecount__ln,Length of residence,gen_xii,Total number of addresses found on file in subject's address history,
g207s__tu,Excessive debt to income,gen_xii,Total monthly obligation for all accounts,
g250b__tu,Derogatory Payments on accounts,gen_xii,Number of 30 days past due or worse items in the past 12 months (excluding medical collection items),
cv26__tu,Excessive number of accounts,gen_xii,Percent of trades from active to inactive status in the past 12 months,Delinquent credit obligations
trv01__tu,High revolving credit balances,gen_xii,Number of months since overlimit on a bankcard,
confirmationinputaddress__ln,Unable to verify residence,gen_xii,Indicates input address is confirmed by records on file,
au21s__tu,"Insufficient credit file, Length of Credit",gen_xii,Months since most recent auto trade opened,
linka014__tu,Excessive Bank Account Closures,gen_xii,Number of unpaid checking account closures for cause in the last 5 years,
g020s__tu,Delinquent credit obligations,gen_xii,Number of trades with maximum delinquency of 30 days past due in past 24 months,
strname__app,Unfavorable lending state,gen_xii,State,
linka004__tu,Excessive Bank Account Closures,gen_xii,Number of bank account closures identified as fraudulent,
au51a__tu,"Insufficient credit file, Length of Credit",gen_xii,Terms in months of most recent auto trade,
at21s__tu,"Insufficient credit file, Length of Credit",gen_xii,Months since most recent trade opened,
linkf087__tu,Excessive inquiries,gen_xii,Number of inquiries within last 9 months,
g250c__tu,Delinquent credit obligations,gen_xii,Number of 30 days past due or worse items in the past 24 months (excluding medical collection items),
bkc322__tu,Excessive Account Balances,gen_xii,Min Total Open-to-Buy for Bankcard accounts over the past 6 months,
linkf139__tu,Excessive number of credit obligations or accounts,gen_xii,Number of distinct bank accounts within last 1 month,
au202s__tu,Delinquent credit obligations,gen_xii,Number of auto trades that are 60 days or more past due ever,
g980s__tu,Excessive inquiries,gen_xii,Number of deduped inquiries in past 6 months,
linkf032__tu,Derogatory public record,gen_xii,Y / N indicator of lender-reported bankruptcy,
bkc122__tu,Excessive Account Balances,gen_xii,Number of months in the past 12 months where percentage of Bankcard trades utilized less than 100% was more than 25%,
s073b__tu,Delinquent credit obligations,gen_xii,Number of non-medical third party collections with balance > $100,
au101s__tu,Excessive Account Balances,gen_xii,Total balance of all auto trades verified in past 12 months,
bitdealertrack__app,Dealer application source,gen_xii,From Dealertrack,
g303s__tu,Delinquent credit obligations,gen_xii,Worst rating on revolving trades,
g230s__tu,Delinquent credit obligations,gen_xii,Number of 60 or more days past due trades (current MOP only) with balance > $0 opened in past 24 months,
bkc321__tu,Excessive Account Balances,gen_xii,Min Total Open-to-Buy for Bankcard accounts over the past 3 months,
addrinputtimenewest__ln,Length of residence,gen_xii,Time on file (in months) since the subject was most recently reported at the input address,
inquirytelcom12month__ln,Excessive inquiries,gen_xii,Indicates subject has one or more LexisNexis telecommunications credit inquiries on file in the last 12 months,
sourcenonderogcount03month__ln,Derogatory public record,gen_xii,Total non-derogatory source types on file for subject reported within the last three months,
bankruptcystatus__ln,Derogatory public record,gen_xii,Indicates status of most recent bankruptcy filing on file showing the subject as debtor,
linka006__tu,Excessive Inquiries,gen_xii,"Number of total inquiries in the last 3 years.  
These include checking, credit issuance (credit card, secured card, line of credit, revolving credit, and other credit account originations) , auto, payday, utility, and other credit (installment loan, secured loan, short-term installment loan, insurance, and other non-classified credit)",
au20s__tu,"Insufficient credit file, Length of Credit",gen_xii,Months since oldest auto trade opened,
paymnt11__tu,Excessive payment to income,gen_xii,Number of payments in last 12 months,
balmag01__tu,Excessive Account Balances,gen_xii,Non-mortgage balance magnitude algorithm over last 24 months,
re01s__tu,"Insufficient credit file, Length of Credit",gen_xii,Number of revolving trades,
linka026__tu,Excessive Inquiries,gen_xii,Number of payday inquiries in the last 3 years,
bankruptcytimenewest__ln,Derogatory public record,gen_xii,Time (in months) since most recent bankruptcy case filing on file showing the subject as debtor,
subjectactivityindex03month__ln,Derogatory public record,gen_xii,A risk index summarizing derogatory and non-derogatory source activity for the subject as reported within the past three months,
fltgrossmonthly__income_count,Insufficient income,gen_xii,,
g001s__tu,Delinquent credit obligations,gen_xii,Number of 30 days past due ratings in past 12 months,
bitdebtor__app,Insufficient credit file,gen_xii,Debtor or Codebtor,
strdealershiptrackertype__app,Dealer application source,gen_xii,"Franchise, Independent",
bankruptcychapter__ln,Derogatory public record,gen_xii,"Indicates bankruptcy chapter of most recent bankruptcy case filing on file showing the subject as debtor, if the bankruptcy is a Chapter 7 or Chapter 13 bankruptcy",
fltgrossmonthly__income_sum,Insufficient income,gen_xii,Income,
linka021__tu,Excessive inquiries,gen_xii,"Number of credit inquiries in the last year.  
These include credit issuance (credit card, secured card, line of credit, revolving credit, and other credit account originations) , auto, payday, utility, and other credit (installment loan, secured loan, short-term installment loan, insurance, and other non-classified credit)",
dealerstate__app,Unfavorable lending state,gen_xii,Dealer State,
linkf172__tu,Excessive number of sources for phone number or email addresses,gen_xii,Number of distinct home phones,
g209s__tu,Delinquent credit obligations,gen_xii,Months since most recent charged-off trade opened,
derogseverityindex__ln,Derogatory public record,gen_xii,Index indicating severity of derogatory records on subject's file,
g106s__tu,"Insufficient credit file, Length of Credit",gen_xii,Months on file,
g415s__tu,Excessive inquiries,gen_xii,Number of deduped auto inquiries,
inquirybanking12month__ln,Excessive inquiries,gen_xii,Indicates subject has one or more LexisNexis banking credit inquiries on file in the last 12 months,
bkc320__tu,"Insufficient credit file, Length of Credit",gen_xii,Number of months since Min Total Open-to-Buy for Bankcard accounts,
g213b__tu,Delinquent credit obligations,gen_xii,Highest balance of non-medical third party collections verified in 24 months,
g225s__tu,Delinquent credit obligations,gen_xii,Total past due amount of currently 90 or more days past due trades,
linkt008__tu,Derogatory public record,gen_xii,Number of public record bankruptcies in the last 24 months,
subjectactivityindex06month__ln,Derogatory public record,gen_xii,A risk index summarizing derogatory and non-derogatory source activity for the subject as reported on file within the past six months,
g217s__tu,Delinquent credit obligations,gen_xii,Total past due amount of all trades verified in past 12 months,
g302s__tu,Delinquent credit obligations,gen_xii,Worst rating on revolving trades in past 12 months,
trv10__tu,Excessive Account Balances,gen_xii,Number of months non-mortgage balance decreases last 12 months,
addrinputsubjectcount__ln,Length of residence,gen_xii,"Total number of unique subjects on file currently reported at the input address, if the address has been designated as a single family dwelling unit",
g215b__tu,Delinquent credit obligations,gen_xii,Number of non-medical third party collections with balance > $0,
linkf084__tu,Excessive inquiries,gen_xii,Number of inquiries within last 2 months,
fi31s__tu,Excessive Account Balances,gen_xii,Percentage of open finance installment trades > 75% of credit line verified in past 12 months,
g212s__tu,Delinquent credit obligations,gen_xii,Number of charged-off trades opened in past 24 months,
agg902__tu,Excessive Account Balances,gen_xii,Number of aggregate non-mortgage balance decreases over last 3 months,
s114s__tu,Excessive inquiries,gen_xii,Number of deduped inquiries in past 6 months (excluding auto and mortgage inquiries),
bankruptcycount__ln,Derogatory public record,gen_xii,,
bc97a__tu,Excessive Account Balances,gen_xii,Total open to buy of open credit cards verified in past 3 months,
std205__tu,Excessive payment to income,gen_xii,Total Payment Ratio for Student Loan accounts over the past 24 months,
s004s__tu,"Insufficient credit file, Length of Credit",gen_xii,Average number of months trades have been on file,
std223__tu,Excessive payment to income,gen_xii,Average total Payment Ratio for Student Loan accounts over the past 6 months,
std201__tu,Excessive payment to income,gen_xii,Total Payment Ratio for Student Loan accounts over the past 1 month,
g206s__tu,Excessive Account Balances,gen_xii,Total monthly obligation for joint account verified in past 12 months,
fi01s__tu,Excessive Number of Accounts,gen_xii,Number of finance installment trades,
evictioncount12month__ln,Derogatory public record,gen_xii,Total eviction records on subject's file in the last 12 months,
rev202__tu,High revolving credit balances,gen_xii,Total Payment Ratio for Revolving accounts over the past 3 months,
g226s__tu,Delinquent credit obligations,gen_xii,Number of 60 or more days past due trades (current MOP only) with balance > $0 opened in past 12 months,
subjectabilityprimaryfactor__ln,subjectabilityprimaryfactor__ln,gen_xii,Indicates the primary factor behind the value returned for the SubjectAbilityIndex attribute,x
paymnt07__tu,Excessive Account Balances,gen_xii,Ratio of actual to minimum payment for non-mortgage trades last month,
ret235__tu,Excessive Account Balances,gen_xii,Aggregate Excess Payment for Retail accounts over the past 24 months,
fi34s__tu,Excessive Account Balances,gen_xii,Utilization for open finance installment trades verified in past 12 months,
evictioncount__ln,Derogatory public record,gen_xii,Total eviction records on subject's file indicating the plaintiff has sought an eviction and does not necessarily mean the defendant has vacated the premises,
linkf110__tu,Excessive inquiries,gen_xii,Number of lenders / locations with inquiries within last 3 months,
rev205__tu,High revolving credit balances,gen_xii,Total Payment Ratio for Revolving accounts over the past 24 months,
bankruptcydismissed24month__ln,Derogatory public record,gen_xii,Indicates subject has one or more dismissed bankruptcies on file in the last 24 months,
bc06s__tu,Excessive Number of Accounts,gen_xii,Number of credit card trades opened in past 6 months,
linkf059__tu,Excessive Number of Accounts,gen_xii,"Number of open, collection or charge-off trade segments STOREFRONT LENDER",
co07s__tu,Delinquent credit obligations,gen_xii,Total balance of trades that charged-off in the past 24 months,
at20s__tu,"Insufficient credit file, Length of Credit",gen_xii,Months since oldest trade opened,
g211s__tu,Delinquent credit obligations,gen_xii,Highest balance of charged-off trades,
mt01s__tu,Excessive Number of Accounts,gen_xii,Number of mortgage trades,
s204s__tu,Delinquent credit obligations,gen_xii,Total balance of third party collections verified in past 12 months,
cv13__tu,Delinquent credit obligations,gen_xii,Percentage of trades ever delinquent,
au207s__tu,Delinquent credit obligations,gen_xii,Number of auto charged-off trades,
linkf141__tu,Excessive number of credit obligations or accounts,gen_xii,Number of distinct bank accounts within last 2 months,
co01s__tu,Delinquent credit obligations,gen_xii,Number of charged-off trades,
linka045__tu,Excessive Bank Account Closures,gen_xii,Number of checking account closures for cause in the last year,
linka050__tu,Excessive Inquiries,gen_xii,Number of checking account inquiries in the last 6 months,
criminalnonfelonycount__ln,Derogatory public record,gen_xii,Total non-felony criminal convictions or sexual offender registry records on subject's file,
rev84__tu,High revolving credit balances,gen_xii,Months since a Revolving trade last exceeded 90% utilization,
linka012__tu,Excessive Bank Account Closures,gen_xii,Number of unpaid checking account closures for cause in the last 2 years,
rev225__tu,Excessive payment to income,gen_xii,Average total Payment Ratio for Revolving accounts over the past 24 months,
linka017__tu,Excessive Bank Account Closures,gen_xii,Number of checking account closures for cause in the last 5 years,
s207s__tu,Derogatory Public record,gen_xii,Months since most recent public record bankruptcy,
bc104s__tu,Excessive Account Balances,gen_xii,Average of the open credit card trade utilizations verified in past 12 months,
g990s__tu,Excessive inquiries,gen_xii,Number of deduped inquiries in past 12 months,
ret225__tu,Excessive payment to income,gen_xii,Average total Payment Ratio for Retail accounts over the past 24 months,
cv21__tu,Excessive debt to income,gen_xii,Total payment amount of trades verified in past 3 months,
rt20s__tu,"Insufficient credit file, Length of Credit vs Insufficient length of credit history",gen_xii,Months since oldest retail trade opened,
trv06__tu,Excessive Account Balances,gen_xii,Number of months non-mortgage balance increases last 12 months,
g407s__tu,Excessive inquiries,gen_xii,Number of deduped finance inquiries,
g234s__tu,Excessive inquiries,gen_xii,Number of days with inquiry occurring in past 30 days,
linkf147__tu,Excessive number of sources for phone number or email addresses,gen_xii,Number of distinct cell phones within last 18 months,
businessassociationtimeoldest__ln,Insufficient advanced training or certifications,gen_xii,Time (in months) since a formal business association with the subject first seen on file,
g228s__tu,Delinquent credit obligations,gen_xii,Number of 90 or more days past due trades (current MOP only) with balance > $0 opened in past 24 months,
ssnproblems__ln,Unable to verify consumer identity or information,gen_xii,Indicates problems on file associated with the input SSN,
linka013__tu,Excessive Bank Account Closures,gen_xii,Total dollar amount of unpaid checking account closures for cause in the last 4 years,
g002s__tu,Delinquent credit obligations,gen_xii,Number of 60 days past due ratings in past 12 months,
s064b__tu,Delinquent credit obligations,gen_xii,Total placement amount of non-medical third party collections,
linka047__tu,Excessive Bank Account Closures,gen_xii,Number of checking account closures for cause in the last 3 years,
ret201__tu,Excessive payment to income,gen_xii,Total Payment Ratio for Retail accounts over the past 1 month,
g240s__tu,Excessive inquiries,gen_xii,Number of mortgage inquiries,
addrcurrentdwelltypeindex__ln,No mortgage loans reported or too few active mortgage accounts,gen_xii,Index indicating the dwelling type for current address on subject's file,
linka051__tu,Excessive Inquiries,gen_xii,Number of checking account inquiries in the last year,
agg910__tu,Excessive Account Balances,gen_xii,Max aggregate bankcard utilization over last 3 months,
trv13__tu,High revolving credit balances,gen_xii,Number of revolving high credit increases YOY,
rvdexq2__tu,High revolving credit balances,gen_xi,Q2 (Apr - Jun) revolving spend indexed to revolving annual spend,
rev_trd__tu,Excessive Number of Accounts,gen_xi,Number of revolving trades,
atap01__tu,Excessive payment to income,gen_xi,Total scheduled monthly payment for all trades verified in past 12 months,
rev319__tu,High revolving credit balances,gen_xi,Max Total Open-to-Buy for Revolving accounts over the past 24 months,
linka030__tu,Excessive Inquiries,gen_xi,Number of days since most recent checking account inquiry,
co04s__tu,Delinquent credit obligations,gen_xi,Months since most recent charged-off trade reported,
aut201__tu,Excessive payment to income,gen_xi,Total Payment Ratio for Auto accounts over the past 1 month,
bkc323__tu,Excessive Account Balances,gen_xi,Min Total Open-to-Buy for Bankcard accounts over the past 12 months,
confirmationinputssn__ln,Unable to verify consumer identity or information,gen_xi,Indicates input Social Security Number (SSN) is confirmed by records on file,
addrlastmoveecontrajectory__ln,Insufficient property value,gen_xi,"Describes the value and home ownership status of the subject’s previous and current addresses in order to determine whether the subject’s most recent residential move (if the move occurred in the past five years) was to a similar property or a more upscale or downscale property. 
Note: Seniors (age 62 plus) who have moved default to the most positive level to prevent adverse action based on downsizing of empty nesters and retirees.",
ret255__tu,Excessive Account Balances,gen_xi,Average Aggregate Excess Payment for Retail accounts over the past 24 months,
linkf144__tu,Excessive number of credit obligations or accounts,gen_xi,Number of distinct bank accounts within last 9 months,
linkf091__tu,Excessive Number of Accounts,gen_xi,Number of trades,
fi25s__tu,Delinquent credit obligations,gen_xi,Number of currently open and satisfactory finance installment trades 12 months or older,Excessive Number of Accounts
g301s__tu,Delinquent credit obligations,gen_xi,Worst rating on credit card trades,
ret231__tu,Excessive Account Balances,gen_xi,Aggregate Excess Payment for Retail accounts over the past 1 month,
mt101s__tu,Excessive Account Balances,gen_xi,Total balance of all mortgage trades verified in past 12 months,
g219b__tu,Delinquent credit obligations,gen_xi,Number of trades verified in the past 12 months that are currently 60 days or more past due,
rev234__tu,High revolving credit balances,gen_xi,Aggregate Excess Payment for Revolving accounts over the past 12 months,
linkf154__tu,Excessive number of sources for phone number or email addresses,gen_xi,Number of distinct cell phones,
g210s__tu,Delinquent credit obligations,gen_xi,Total past due amount of charged-off trades verified in past 12 months,
lienjudgmenttimenewest__ln,Tax or other liens,gen_xi,"Time (in months) since the most recently recorded lien or judgment on subject's file, excluding evictions",
indexq2__tu,Excessive number of credit obligations or accounts,gen_xi,Q2 (Apr - Jun) spend indexed to annual spend,
of09s__tu,Excessive Number of Accounts,gen_xi,Number of credit union trades opened in past 24 months,
re34s__tu,High revolving credit balances,gen_xi,Utilization for open revolving trades verified in past 12 months,
au24s__tu,Excessive Number of Accounts,gen_xi,Number of currently open and satisfactory auto trades 6 months or older,
bc21s__tu,"Insufficient credit file, Length of Credit",gen_xi,Months since most recent credit card trade opened,
s208s__tu,Tax or other liens,gen_xi,Number of tax liens,
au36s__tu,Delinquent credit obligations,gen_xi,Months since most recent auto delinquency,
se09s__tu,Excessive number of credit obligations or accounts,gen_xi,Number of secured installment trades opened in past 24 months,
st35s__tu,Excessive Account Balances,gen_xi,Average balance of open student loan trades verified in past 12 months,
g308s__tu,Delinquent credit obligations,gen_xi,Worst rating on mortgage trades in past 12 months,
inputprovidedcity__ln,Unable to verify residence,gen_xi,Indicates if the city for the subject was provided on input,
se34s__tu,Excessive Account Balances,gen_xi,Utilization for open secured installment trades verified in past 12 months,
st50s__tu,Delinquent credit obligations,gen_xi,Number of 90 or more days past due ratings on student loan trades,
at104s__tu,Excessive number of credit obligations or accounts,gen_xi,Percentage of all trades opened in past 24 months to all trades,
s071b__tu,Delinquent credit obligations,gen_xi,Number of non-medical third party collections opened in past 36 months,
fi101s__tu,Excessive Account Balances,gen_xi,Total balance of all finance installment trades verified in past 12 months,
linkf163__tu,Excessive number of sources for phone number or email addresses,gen_xi,Number of distinct email addresses,
aut203__tu,Excessive payment to income,gen_xi,Total Payment Ratio for Auto accounts over the past 6 months,
rev224__tu,High revolving credit balances,gen_xi,Average total Payment Ratio for Revolving accounts over the past 12 months,
linka003__tu,Excessive Inquiries,gen_xi,"Number of other inquiries in the last 2 years.  
Inquiries that do not fall into the other specified categories (installment loan, secured loan, short-term installment loan, insurance, and other non-classified credit)",
evictiontimenewest__ln,Derogatory public record,gen_xi,Time (in months) since most recently recorded eviction on subject's file,
aggs911__tu,Excessive Account Balances,gen_xi,Current Utilization of top-of-wallet bankcard (highest annual spend).,
g237s__tu,Excessive inquiries,gen_xi,Number of credit inquiries in past 6 months,
rev222__tu,High revolving credit balances,gen_xi,Average total Payment Ratio for Revolving accounts over the past 3 months,
fi20s__tu,"Insufficient credit file, Length of Credit",gen_xi,Months since oldest finance installment trade opened,
aut255__tu,Excessive Account Balances,gen_xi,Average Aggregate Excess Payment for Auto accounts over the past 24 months,
addrchangecount12month__ln,Length of residence,gen_xi,Number of addresses first seen in last 12 months on subject's file,
aut223__tu,Excessive payment to income,gen_xi,Average total Payment Ratio for Auto accounts over the past 6 months,
subjectwillingnessindex__ln,Derogatory public record,gen_xi,Modeled risk index indicating the subject's willingness to fulfill a credit obligation on the basis of recent or historical non-derogatory and derogatory public record activity on file,
fi28s__tu,Excessive number of credit obligations or accounts,gen_xi,Total credit line of open finance installment trades verified in past 12 months,
bkc162__tu,Excessive Account Balances,gen_xi,Number of months in the past 12 months where percentage of Bankcard trades utilized more than 100% was more than 90%,
derogcount__ln,Derogatory public record,gen_xi,"Total derogatory source records (criminal felony, criminal non-felony, sexual offender registry, lien, judgment, bankruptcy, and eviction) on subject's file",
trv08__tu,Excessive Account Balances,gen_xi,Number of non-mortgage balance decreases last 3 months,
linka027__tu,Excessive Inquiries,gen_xi,Number of days since most recent payday inquiry,
au200s__tu,Delinquent credit obligations,gen_xi,Number of auto trades that are 30 days or more past due ever,
linkt003__tu,Length of residence,gen_xi,Number of non-military non-corroborated addresses in past 12 months,
aut225__tu,Excessive payment to income,gen_xi,Average total Payment Ratio for Auto accounts over the past 24 months,
ssnsubjectcount__ln,Unable to verify consumer identity or information,gen_xi,Total number of unique identities found on file with the input SSN ,
addrcurrentavmratio12monthprior__ln,Insufficient property value,gen_xi,"Ratio comparison for the current address on subject's file, indicating the difference in AVM values between the most recent AVM value and the value 12 months prior to the most recent value",
bc34s__tu,High revolving credit balances,gen_xi,Utilization for open credit card trades verified in past 12 months,
g232s__tu,Excessive inquiries,gen_xi,Number of inquiries (includes duplicates),
std252__tu,Excessive Account Balances,gen_xi,Average Aggregate Excess Payment for Student Loan accounts over the past 3 months,
br21s__tu,Excessive Number of Accounts,gen_xi,Months since most recent bank revolving trade opened,
rt201s__tu,Excessive Account Balances,gen_xi,Highest balance of retail trades,
paymnt10__tu,Excessive payment to income,gen_xi,Number of payments in last 3 months,
rvlr26__tu,High revolving credit balances,TBD,Bankcard Revolver/Transactor/Inactive pattern for bankcard with fifth highest balance   - month 1 to 8,
linkf004__tu,Excessive obligations in relation to income,TBD,Number of NSF within last 24 months,
linkf108__tu,Excessive inquiries,TBD,Number of lenders / locations with inquiries within last 1 month,
bc20s__tu,Insufficient length of credit history,TBD,Months since oldest credit card trade opened,
cv25__tu,Delinquent credit obligations,TBD,Percent of trades from inactive to active status in the past 12 months,
g057s__tu,Delinquent credit obligations,TBD,Number of trades 30 or more days past due in past 3 months,
at28a__tu,Excessive Number of Accounts,TBD,Total credit line of open trades verified in past 12 months,
g058s__tu,Delinquent credit obligations,TBD,Number of trades 30 or more days past due in past 6 months,
std204__tu,Excessive payment to income,TBD,Total Payment Ratio for Student Loan accounts over the past 12 months,
revs902__tu,High revolving credit balances,TBD,Aggregate Revolving Monthly Spend over last 6 Months,
linka024__tu,Excessive inquiries,TBD,"Number of days since oldest credit issuance inquiry (credit card, secured card, line of credit, revolving credit, and other credit account originations) ",
linkf109__tu,Excessive inquiries,TBD,Number of lenders / locations with inquiries within last 2 months,
of32s__tu,Excessive Account Balances,TBD,Maximum balance owed on credit union trades verified in past 12 months,
ret328__tu,High revolving credit balances,TBD,Average Total Open-to-Buy for Retail accounts over the past 24 months,
rev102__tu,Excessive Account Balances,TBD,Number of months in the past 12 months where percentage of Revolving trades utilized less than 50% was more than 25%,
rp06s__tu,Derogatory Payments on accounts,TBD,Total balance of repossession trades in past 12 months,
linkf164__tu,Excessive number of sources for phone number or email addresses,TBD,Number of distinct home phone within last 12 months,
lm02s__tu,"Insufficient credit file, Length of Credit",TBD,Months since oldest loan modification on a mortgage trade,
linka043__tu,Excessive Bank Account Closures,TBD,Number of checking account closures for cause in the last 2 months,
lm29s__tu,Excessive Account Balances,TBD,Utilization of mortgage trades with a bank-backed loan modification,
bkc54__tu,High revolving credit balances,TBD,Number of Bankcard trades utilized more than 90% in the past 12 months,
addrpreviousdwelltype__ln,No mortgage loans reported or too few active mortgage accounts,TBD,,
bi36s__tu,Delinquent credit obligations,TBD,Months since most recent bank installment delinquency,
st09s__tu,Excessive Number of Accounts,TBD,Number of student loan trades opened in past 24 months,
educationattendance__ln,Insufficient advanced training or certifications,TBD,Indicates subject attended college based on student directory information on file,
st45s__tu,"Insufficient credit file, Length of Credit",TBD,Months since oldest student loan in repayment trade opened,
linkf125__tu,Excessive Number of Accounts,TBD,Number of trade segments (excluding new trades),
g099s__tu,Derogatory public record,TBD,Number of public record bankruptcies in past 24 months,
linkf036__tu,Excessive inquiries,TBD,Number of inquiries within last 1 month ONLINE LENDER,
of35s__tu,Excessive Account Balances,TBD,Average balance of open credit union trades verified in past 12 months,
fr03s__tu,Delinquent credit obligations,TBD,Number of currently satisfactory open finance revolving trades,
assetindex__ln,Insufficient property value,TBD,Modeled risk index indicating the type and relative value of real property and personal property associated with the subject,
linkf208__tu,Derogatory Payments on accounts,TBD,Total Bad ACH amount in last 6 Months,
hi36s__tu,Delinquent credit obligations,TBD,Months since most recent home equity loan delinquency,
linkf137__tu,Excessive number of credit obligations or accounts,TBD,Number of distinct bank accounts within last 12 months,
revs905__tu,High revolving credit balances,TBD,Months since max. revolving monthly spend over last 12 months,
at34b__tu,High revolving credit balances,TBD,Utilization for open trades verified in past 12 months (excluding mortgage and home equity),
linkf089__tu,Excessive inquiries,TBD,Number of inquiries within last 18 months,
rev132__tu,High revolving credit balances,TBD,Number of months in the past 12 months where percentage of Revolving trades utilized more than 25% was more than 90%,
mt25s__tu,Delinquent credit obligations,TBD,Number of currently open and satisfactory mortgage trades 12 months or older,
linkf210__tu,Derogatory Payments on accounts,TBD,Total Bad ACH events,
br06s__tu,Excessive Number of Accounts,TBD,Number of bank revolving trades opened in past 6 months,
criminalnonfelonycount12month__ln,Derogatory public record,TBD,"Total non-felony criminal convictions in the last 12 months on subject's file
NOTE: This attribute does not include sexual offender registry records",
rp07s__tu,Derogatory Payments on Accounts,TBD,Total balance of repossession trades in past 24 months,
all235__tu,Excessive Account Balances,TBD,Aggregate Excess Payment for All accounts over the past 24 months,
at35a__tu,Excessive Account Balances,TBD,Average balance of open trades verified in past 12 months,
trv12__tu,High revolving credit balances,TBD,Number of revolving high credit increases last 3 months,
au204s__tu,Excessive number of credit obligations or accounts,TBD,Number of auto trades that are 90 days or more past due ever,
index01__tu,Excessive number of credit obligations or accounts,TBD,Annual year-over-year spend index,
cv03__tu,"Garnishment, or attachment, or foreclosure, or repossession, or suit",TBD,Months since most recent repossession occurrence,updated from Garnishment / attachment / foreclosure / repossession / suit
addrinputtaxmarketvalue__ln,Insufficient property value,TBD,Indicates input address tax assessed market value on file,
g001b__tu,Delinquent credit obligations,TBD,Number of 30 or more days past due ratings in past 12 months,
au25s__tu,Derogatory Payments on accounts,TBD,Number of currently open and satisfactory auto trades 12 months or older,
of101s__tu,Excessive Account Balances,TBD,Total balance of all credit union trades verified in past 12 months,
subjectstabilityprimaryfactor__ln,subjectstabilityprimaryfactor__ln,TBD,Indicates the primary factor behind the value returned for the SubjectStabilityIndex attribute,x
g404s__tu,Excessive inquiries,TBD,Number of deduped finance inquiries in past 3 months,
linkf181__tu,Length of residence,TBD,Number of distinct zip codes,
subjectabilityindex__ln,Derogatory public record,TBD,"Modeled risk index indicating the subject's ability to fulfill a credit obligation on the basis of their time on file, post-secondary education history, asset ownership, and outstanding financial obligations on file",x
aut252__tu,Excessive Account Balances,TBD,Average Aggregate Excess Payment for Auto accounts over the past 3 months,
rev323__tu,Excessive Account Balances,TBD,Min Total Open-to-Buy for Revolving accounts over the past 12 months,
reap01__tu,High revolving credit balances,TBD,Total scheduled monthly payment for all revolving trades verified in past 12 months,
fi06s__tu,Excessive number of accounts,TBD,Number of finance installment trades opened in past 6 months,
g306s__tu,Delinquent credit obligations,TBD,Worst rating on auto trades in past 12 months,
rev235__tu,Excessive Account Balances,TBD,Aggregate Excess Payment for Revolving accounts over the past 24 months,
us36s__tu,Delinquent credit obligations,TBD,Months since most recent unsecured installment delinquency,
trv04__tu,Excessive Account Balances,TBD,Number of non-mortgage balance increases last 3 months,
sourcenonderogcount12month__ln,Delinquent credit obligations,TBD,Total non-derogatory source types on file for subject reported within the last 12 months,
rev204__tu,High revolving credit balances,TBD,Total Payment Ratio for Revolving accounts over the past 12 months,
std222__tu,Excessive Account Balances,TBD,Average total Payment Ratio for Student Loan accounts over the past 3 months,
g242b__tu,Excessive inquiries,TBD,Number of bank inquiries (includes duplicates) in past 3 months,
rvdexq1__tu,High revolving credit balances,TBD,Q1 (Jan - March) revolving spend indexed to annual revolving spend,
rev321__tu,High revolving credit balances,TBD,Min Total Open-to-Buy for Revolving accounts over the past 3 months,
us101s__tu,Excessive Account Balances,TBD,Total balance of all unsecured installment trades verified in past 12 months (BKAGBAL),
linkf178__tu,Length of residence,TBD,Number of distinct zip codes within last 3 months,
linkf090__tu,Excessive inquiries,TBD,Number of inquiries within last 24 months,
g043c__tu,Delinquent credit obligations,TBD,Number of real estate trades 90 or more days past due ever,
mt57s__tu,Delinquent credit obligations,TBD,Total past due amount of open mortgage trades verified in past 12 months,
linkf088__tu,Excessive inquiries,TBD,Number of inquiries within last 12 months,
g042c__tu,Delinquent credit obligations,TBD,Number of real estate trades 60 or more days past due ever,
cv19__tu,Excessive Account Balances,TBD,Total balance of trades verified in past 3 months,
assetpropnewestsaleprice__ln,Insufficient property value,TBD,Subject's most recent real property sale price based on real property ownership records on file,
st27s__tu,Delinquent credit obligations,TBD,Number of currently open and satisfactory student loan trades 24 months or older,
rt01s__tu,Excessive number of accounts,TBD,Number of retail trades,
g221b__tu,Delinquent credit obligations,TBD,Number of trades verified in the past 12 months that are currently 120 days or more past due,
addrlastmovetaxratiodiff__ln,Insufficient property value,TBD,"Ratio comparing the difference in tax assessed value between the current address and the previous address (current address value divided by the previous address value if both are known) on subject's file, if the move occurred within the last five years",
trv03__tu,Excessive Account Balances,TBD,Number of non-mortgage trades with a balance increase last month,
trv02__tu,Excessive Account Balances,TBD,Number of months overlimit on a bankcard over last 12 months,
jt01s__tu,Excessive number of accounts,TBD,Number of joint trades,
assetproppurchasetimeoldest__ln,Length of residence,TBD,Time (in months) since earliest recorded real property purchase based on real property ownership records on subject's file,
linka044__tu,Excessive Bank Account Closures,TBD,Number of checking account closures for cause in the last 3 months,
fr30s__tu,High revolving credit balances,TBD,Percentage of open finance revolving trades > 50% of credit line verified in past 12 months,
g235s__tu,Excessive number of accounts,TBD,Number of trades opened since most recent delinquency (delinquency search limited to 24 months),
g414s__tu,Excessive inquiries,TBD,Number of deduped auto inquiries in past 12 months,
re06s__tu,Excessive number of accounts,TBD,Number of revolving trades opened in past 6 months,
linkf112__tu,Excessive inquiries,TBD,Number of lenders / locations with inquiries within last 9 months,
at33b__tu,Excessive Account Balances,TBD,Total balance of open trades verified in past 12 months (excluding mortgage and home equity),
in28s__tu,Excessive Account Balances,TBD,Total credit line of open installment trades verified in past 12 months,
agg905__tu,High revolving credit balances,TBD,Average aggregate bankcard utilization over last 3 months,
bkc112__tu,High revolving credit balances,TBD,Number of months in the past 12 months where percentage of Bankcard trades utilized less than 75% was more than 25%,
linkf068__tu,Excessive inquiries,TBD,Number of inquiries all time,
au203s__tu,Delinquent credit obligations,TBD,Number of auto trades that are 60 days or more past due in the past 12 months,
linkf152__tu,Excessive number of sources for phone number or email addresses,TBD,Number of distinct cell phones within last 6 months,
au03s__tu,Delinquent credit obligations,TBD,Number of currently satisfactory open auto trades,
fr35s__tu,High revolving credit balances,TBD,Average balance of open finance revolving trades verified in past 12 months,
br101s__tu,Excessive Account Balances,TBD,Total balance of all bank revolving trades verified in past 12 months,
rvlr81__tu,High revolving credit balances,TBD,Revolver/Transactor tag for the top five Bankcards in the past 24 months,
subjectwillingnessprimaryfactor__ln,Derogatory public record,TBD,Indicates the primary factor behind the value returned for the SubjectWillingnessIndex attribute,
linkf167__tu,Excessive number of sources for phone number or email addresses,TBD,Number of distinct home phones within last 24 months,
ret319__tu,Excessive Account Balances,TBD,Max Total Open-to-Buy for Retail accounts over the past 24 months,
linkf206__tu,Derogatory Payments on accounts,TBD,Total Bad ACH events in last 6 Months,
at33a__tu,Excessive Account Balances,TBD,Total balance of open trades verified in past 12 months,
assetproppurchasetimenewest__ln,Length of residence,TBD,Time (in months) since most recently recorded real property purchase based on real property ownership records on subject's file,
in57s__tu,Delinquent credit obligations,TBD,Total past due amount of open installment trades verified in past 12 months,
at101b__tu,Excessive Account Balances,genxii_v2,Total balance of all trades verified in past 12 months (excluding mortgage and home equity),
g304s__tu,Delinquent credit obligations,genxii_v2,Worst rating on installment trades in past 12 months,
rvlr17__tu,Excessive Account Balances,genxii_v2,Bankcard Revolver/Transactor/Inactive pattern for bankcard with second highest balance : month 1 -8,
rvlr19__tu,Excessive Account Balances,genxii_v2,Bankcard Revolver/Transactor/Inactive pattern for bankcard with second highest balance  - month 17- 24,
linkf111__tu,Excessive inquiries,genxii_v2,Number of lenders / locations with inquiries within last 6 months,
st32s__tu,Excessive Account Balances,genxii_v2,Maximum balance owed on open student loan trades verified in past 12 months,
hi21s__tu,No mortgage loans reported or too few active mortgage accounts,genxii_v2,Months since most recent home equity loan trade opened,
at57s__tu,Delinquent credit obligations,genxii_v2,Total past due amount of open trades verified in past 12 months,
g200s__tu,Excessive Account Balances,genxii_v2,Percentage of contractually liable debt,
mt21s__tu,No mortgage loans reported or too few active mortgage accounts,genxii_v2,Months since most recent mortgage trade opened,
linka039__tu,Derogatory public record,genxii_v2,Number of days since first (oldest) check order,
g418s__tu,Excessive inquiries,genxii_v2,Months since most recent auto inquiry,
rvdex02__tu,Excessive number of credit obligations or accounts,genxii_v2,Most recent quarter year-over-year revolving spend index,
rle904__tu,Excessive Account Balances,genxii_v2,Amount of over-payments on Real-Estate accounts in the past 6 months,
rp01s__tu,"Garnishment, or attachment, or foreclosure, or repossession, or suit",genxii_v2,Number of repossession trades,
linkf142__tu,Excessive number of accounts,genxii_v2,Number of distinct bank accounts within last 3 months,
g241s__tu,Excessive inquiries,genxii_v2,Number of mortgage inquiries in past 6 months,
fr20s__tu,Insufficient length of credit history,genxii_v2,Months since oldest finance revolving trade opened,
bkc12__tu,Excessive Account Balances,genxii_v2,Number of instances where a Bankcard trade was utilized more than 50% in the past 12 months,
rev320__tu,Excessive Account Balances,genxii_v2,Number of months since Min Total Open-to-Buy for Revolving accounts,
linkf177__tu,Short time in area,genxii_v2,Number of distinct zip codes within last 2 monthss,
g403s__tu,Excessive inquiries,genxii_v2,Number of deduped mortgage inquiries,
g221d__tu,Delinquent credit obligations,genxii_v2,Number of credit card trades verified in the past 12 months that are currently 120 days or more past due,
linka082__tu,Excessive obligations in relation to income,genxii_v2,Amount of largest open (unpaid) non-sufficient funds (single check),
g201a__tu,Excessive Account Balances,genxii_v2,Total open to buy of open trades verified in past 3 months (excluding installments and mortgages),
strvehicletype__app,Insufficient collateral,genxii_v2,Not in dictionary,
rvlr15__tu,Excessive Account Balances,genxii_v2,Bankcard Revolver/Transactor/Inactive pattern for bankcard with highest balance  - month 9 - 16,
agg908__tu,Excessive Account Balances,genxii_v2,Max aggregate bankcard balance over last 12 months,
g095s__tu,Derogatory public record,genxii_v2,Months since most recent public record,
linkt007__tu,Derogatory public record,genxii_v2,Months since most recent derogatory public record,
rev317__tu,High revolving credit balances,genxii_v2,Max Total Open-to-Buy for Revolving accounts over the past 6 months,
indexq4__tu,Excessive number of credit obligations or accounts,genxii_v2,Q4 (Oct - Dec) spend indexed to annual spend,
jt28s__tu,Excessive number of credit obligations or accounts,genxii_v2,Total credit line of open joint trade verified in the past 12 months,
ret322__tu,High revolving credit balances,genxii_v2,Min Total Open-to-Buy for Retail accounts over the past 6 months,
bc36s__tu,Delinquent credit obligations,genxii_v2,Months since most recent credit card delinquency,
rtdexq1__tu,Excessive number of credit obligations or accounts,genxii_v2,Q1 (Jan - March) retail spend indexed to annual retail spend,
rev255__tu,High revolving credit balances,genxii_v2,Average Aggregate Excess Payment for Revolving accounts over the past 24 months,
jt80s__tu,Excessive Account Balances,genxii_v2,Number of non-Mortgage and non-Auto joint trades with greater than 75% utilization,
linkf197__tu,Excessive obligations in relation to income,genxii_v2,Total Good ACH events,
g208s__tu,Excessive Account Balances,genxii_v2,Percentage of individual debt,
us57s__tu,Delinquent credit obligations,genxii_v2,Total past due amount of open unsecured installment trades verified in past 12 months,
of21s__tu,Insufficient credit file,genxii_v2,Months since most recent credit union trade opened,
bi20s__tu,Insufficient credit file,genxii_v2,Months since oldest bank installment trade opened,
walshr10__tu,Excessive Account Balances,genxii_v2,Months since most recent wallet share shift > 50% in last 24 months,
agg903__tu,Insufficient credit file,genxii_v2,Number of aggregate non-mortgage credit line increases over last 3 months,
ret205__tu,Excessive Account Balances,genxii_v2,Total Payment Ratio for Retail accounts over the past 24 months,
at25s__tu,Delinquent credit obligations,genxii_v2,Number of currently open and satisfactory trades 12 months or older,
rev315__tu,High revolving credit balances,genxii_v2,Number of months since Max Total Open-to-Buy for Revolving accounts,
st25s__tu,Excessive Account Balances,genxii_v2,Number of currently open and satisfactory student loan trades 12 months or older,
g218d__tu,Delinquent credit obligations,genxii_v2,Number of credit card trades verified in the past 12 months that are currently 30 days or more past due,
rev253__tu,High revolving credit balances,genxii_v2,Average Aggregate Excess Payment for Revolving accounts over the past 6 months,
rev232__tu,High revolving credit balances,genxii_v2,Aggregate Excess Payment for Revolving accounts over the past 3 months,
us01s__tu,Excessive number of accounts,genxii_v2,Number of unsecured installment trades,
in09s__tu,Excessive number of accounts,genxii_v2,Number of installment trades opened in past 24 months,
g105s__tu,Insufficient credit file,genxii_v2,Months since most recent mortgage inquiry,
lm14s__tu,Insufficient credit file,genxii_v2,Months since oldest government loan modification on a mortgage trade,
all254__tu,Excessive Account Balances,genxii_v2,Average Aggregate Excess Payment for All accounts over the past 12 months,
g202b__tu,Excessive Account Balances,genxii_v2,Total open to buy of closed trades verified in past 12 months (excluding installments and mortgages),
jt02s__tu,Excessive number of accounts,genxii_v2,Number of open joint trades,
linkf185__tu,Insufficient credit file,genxii_v2,Age of newest inquiry ONLINE LENDER,
jt51s__tu,Delinquent credit obligations,genxii_v2,Months since most recent 30+ days past due on a joint trade,
std235__tu,Excessive Account Balances,genxii_v2,Aggregate Excess Payment for Student Loan accounts over the past 24 months,
all253__tu,Excessive Account Balances,genxii_v2,Average Aggregate Excess Payment for All accounts over the past 6 months,
bkc83__tu,Excessive Account Balances,genxii_v2,Months since a Bankcard trade last exceeded 75% utilization,
paymnt05__tu,Insufficient credit file,genxii_v2,Total amount of prepayments on installment loans last 12 months,
fr101s__tu,Excessive Account Balances,genxii_v2,Total balance of all finance revolving trades verified in past 12 months,
cv05__tu,Delinquent credit obligations,genxii_v2,Months since most recent non-medical third party collection occurrence,
bkc326__tu,Excessive Account Balances,genxii_v2,Average Total Open-to-Buy for Bankcard accounts over the past 6 months,
per222__tu,Excessive Account Balances,genxii_v2,Average total Payment Ratio for Personal Loan accounts over the past 3 months,
rev201__tu,Excessive Account Balances,genxii_v2,Total Payment Ratio for Revolving accounts over the past 1 month,
linka005__tu,Derogatory public record,genxii_v2,Average number of checks ordered in the last 3 years,
fr02s__tu,Excessive number of accounts,genxii_v2,Number of open finance revolving trades,
fr21s__tu,Excessive Account Balances,genxii_v2,Months since most recent finance revolving trade opened,
co05s__tu,Delinquent credit obligations,genxii_v2,Total balance of trades that charged-off,
au57s__tu,Delinquent credit obligations,genxii_v2,Total past due amount of open auto trades verified in past 12 months,
linkf002__tu,Excessive obligations in relation to income,genxii_v2,Number of NSF within last 12 months,
rvdex01__tu,Excessive number of credit obligations or accounts,genxii_v2,Annual year-over-year revolving spend index,
alertregulatorycondition__ln,Derogatory public record,genxii_v2,"Indicates subject has an alert on their file that is associated with state or federal regulations, consumer identity conditions, or bankruptcies on file",
addrinputavmvalue12month__ln,Insufficient property value,genxii_v2,Indicates input address AVM value on file 12 months ago,
linkt002__tu,Short time in area,genxii_v2,Number of months at current address,
ENG-vehicle_age,Insufficient collateral,genxii_v2,Vehicle age,
addrcurrentsubjectowned__ln,No mortgage loans reported or too few active mortgage accounts,genxii_v2,Subject owns current address,
addrpreviouslengthofres__ln,Short time in area,genxii_v2,Length of residency in previous residence,
g206b__tu,Excessive Account Balances,genxii_v2,Total monthly obligation for joint account verified in past 12 months and with a current balance > 0 (ATTR14),
dti__app,Excessive debt to income,,Debt to income,
flt_mean_months_to_first_bad__tu_pmthx,Delinquent credit obligations,,History of early delinquency,
miles_odometer__app,Value or type of collateral not sufficient,,Vehicle mileage,
ENG-bk,Excessive Number of Accounts,,Flag for Open BK,
int_n_months_closed__tu_pmthx,Insufficient credit history,,Months on file of most recent closed auto,
int_n_months_open__tu_pmthx,Insufficient credit history,,Months on file of most recent open auto,
ENG-franchise,Dealer application source,,Tag to indicate franchise dealer,
ENG-has_codebtor,Insufficient credit history,,Tag to indicate having a codebtor,
flt_avg_closed__tu_pmthx,Derogatory Payments on Accounts,,Average of payment history string of most recent closed auto loan,
int_30dpd_open__tu_pmthx,Delinquent credit obligations,,Number of times the most recent open auto trade line has gone 30 dpd,
flt_wtd_avg_closed__tu_pmthx,Derogatory Payments on Accounts,,Weighted average of payment history string of most recent closed auto loan,
rev231__tu,Excessive account balances,,Aggregate Excess Payment for Revolving accounts over the past 1 month,
flt_avg_open__tu_pmthx,Derogatory Payments on Accounts,,Average of payment history string of most recent open auto loan,
rtl_trd__tu,"Insufficient credit file, Length of Credit",,Number of retail trades,
addrchangecount60month__ln,Length of residence,,Number of addresses first seen in last 60 months on subject's file,
int_bad_3mo_open__tu_pmthx,Delinquent credit obligations,,Tag if there has been a missed payment in the first 3 months of the most recent open auto loan,
int_bad_3mo_closed__tu_pmthx,Delinquent credit obligations,,Tag if there has been a missed payment in the first 3 months of the most recent closed auto loan,
subjectstabilityindex__ln,Derogatory public record,,Modeled risk index indicating the subject's stability in fulfilling a credit obligation on the basis of address history and non-Derogatory public record on file,
flt_wtd_avg_open__tu_pmthx,Derogatory Payments on Accounts,,Average of payment history string of most recent open auto loan,
addrchangecount24month__ln,Length of residence,,Number of addresses first seen in last 24 months on subject's file,
int_bad_6mo_open_end__tu_pmthx,Delinquent credit obligations,,Tag if there has been a missed payment in the most recent 6 months of the most recent open auto loan,
addrlastmoveecontrajectoryindex__ln,Insufficient property value,,"For subjects with a move in the past five years, this index summarizes any difference in the relative property value or ownership status of the most recent residential move. Lower values indicate movement to lower value or rented property, higher values indicate higher value property. Note: Seniors (age 62 plus) who have moved are defaulted to the most positive level to prevent adverse action based on downsizing of empty nesters and retirees.",
ENG-dti,Excessive debt to income,,Debt to income,
int_bad_6mo_open__tu_pmthx,Delinquent credit obligations,,Tag if there has been a missed payment in the first 6 months of the most recent open auto loan,
int_bad_6mo_closed__tu_pmthx,Delinquent credit obligations,,Tag if there has been a missed payment in the first 6 months of the most recent closed auto loan,
ENG-wtd_avg,Derogatory Payments on Accounts,,Weighted average of payment history string of most recent open or closed auto loan,
all231__tu,Derogatory Payments on Accounts,,Aggregate Excess Payment for All accounts over the past 1 month,
g413s__tu,Excessive inquiries,,Number of deduped auto inquiries in past 6 months,
s068b__tu,Delinquent credit obligations,,Number of non-medical third party collections,
s068a__tu,Delinquent credit obligations,,Number of third party collections,
br109s__tu,Delinquent credit obligations,,Number of bank revolving trades with past due amount > $50 verified in past 12 months,
paymnt02__tu,Delinquent credit obligations,,Number of prepayments on installment loans last 12 months,
assetownership__ln,Insufficient collateral,,"Indicates subject has ownership of assets (watercraft, aircraft, or real property) based on asset ownership records on file",
cv22__tu,Delinquent credit obligations,,Total balance of credit card trades verified in past 3 months,
addrprevioustimeoldest__ln,Length of residence,,Time (in months) since the subject was first reported at the most previous address on subject's file,
jt44s__tu,Delinquent credit obligations,,Total past due amount of joint trades,
ENG-6mo_bad,Delinquent credit obligations,,Tag indicating a missed payment in the first 6 months of the most recent open or closed auto loan,
bkc325__tu,Excessive Account Balances,,Average Total Open-to-Buy for Bankcard accounts over the past 3 months,
rvlr01__tu,Excessive Account Balances,,Bankcard revolver trade utilization last month,
rvlr11__tu,Excessive Account Balances,,Number of retail revolver trades over last month,
assetpropevercount__ln,Insufficient collateral,,Total number of real property ever owned based on real property ownership records on subject's file,
bi21s__tu,Insufficient credit history,,Months since most recent bank installment trade opened,
us02s__tu,Delinquent credit obligations,,Number of open unsecured installment trades,
re57s__tu,Delinquent credit obligations,,Total past due amount of open revolving trades verified in past 12 months,
rvlr77__tu,Delinquent credit obligations,,"Number of top five Bankcards that were never revolver, but transacted at least once in the past 24 months",
linkf193__tu,Excessive inquiries,,Age of newest inquiry (days),
se01s__tu,Excessive Account Balances,,Number of secured installment trades,
fi57s__tu,Delinquent credit obligations,,Total past due amount of open finance installment trades verified in past 12 months,
ret81__tu,Delinquent credit obligations,,Months since a Retail trade last exceeded 25% utilization,
rev322__tu,Excessive Account Balances,,Min Total Open-to-Buy for Revolving accounts over the past 6 months,
linkt001__tu,Length of residence,,Number of non-military addresses in last 7 years,
sourcenonderogprofileindex__ln,Delinquent credit obligations,,"Index summarizing the number and nature of the non-derogatory sources reporting the depth and breadth of the subject's reporting history, excluding property and derogatory court records",
at24s__tu,Delinquent credit obligations,,Number of currently open and satisfactory trades 6 months or older,
rvlr64__tu,"Insufficient credit file, Length of Credit",,Flag indicating that the consumer revolved at least four times on at least one of his top 5 bankcards in the past 6 months,
revs121__tu,Delinquent credit obligations,,Aggregate Revolving Spend for Month M = 21,
in21s__tu,Insufficient credit history,,Months since most recent installment trade opened,
re101s__tu,Delinquent credit obligations,,Total balance of all revolving trades verified in past 12 months,
in34s__tu,Excessive Account Balances,,Utilization for open installment trades verified in past 12 months,
linka053__tu,Excessive inquiries,,Number of days since the first (oldest) checking account inquiry,
g251c__tu,Delinquent credit obligations,,Number of 60 days past due or worse items in the past 24 months (excluding medical collection items),
addrcurrentavmratio60monthprior__ln,Insufficient property value,,"Ratio comparison for the current address on subject's file, indicating the difference in AVM values between the most recent AVM value and the value 60 months prior to the most recent value",
linkf189__tu,Excessive inquiries,,Age of newest inquiry STOREFRONT LENDER,
phoneinputproblems__ln,Unable to verify working phone number,,Indicates problems associated with the input phone based on information on file,
linka025__tu,Excessive inquiries,,"Number of other inquiries in the last 3 years. Inquiries that do not fall into the other specified categories (installment loan, secured loan, short-term installment loan, insurance, and other non-classified credit)",
br36s__tu,Delinquent credit obligations,,Months since most recent bank revolving delinquency,
au31s__tu,Excessive Account Balances,,Percentage of open auto trades > 75% of credit line verified in past 12 months,
g218a__tu,Delinquent credit obligations,,Number of trades verified in the past 12 months that are currently 30 days past due,
g102s__tu,Excessive inquiries,,Months since most recent inquiry,
addrprevioustimenewest__ln,Length of residence,,Time (in months) since the subject was most recently reported at the most previous address on subject's file,
