Feature,Bin,Count,Count (%),Non-event,Event,Event rate,WoE,IV,JS,Reason,Description
fltgrossmonthly__income_sum,"(-inf, 3245.78)",8676,0.3467903109760972,6106,2570,0.2962194559704933,-0.11205834465656184,0.00446333485856925,0.000557625132036825,Insufficient income,
fltgrossmonthly__income_sum,"[3245.78, 3776.51)",3660,0.14629466783915582,2594,1066,0.2912568306010929,-0.08813657991152046,0.0011588185384459482,0.00014480545129909404,Insufficient income,
fltgrossmonthly__income_sum,"[3776.51, 4116.78)",2048,0.08186106003677353,1502,546,0.2666015625,0.03450951651705536,9.672293954440818e-05,1.2089767541273878e-05,Insufficient income,
fltgrossmonthly__income_sum,"[4116.78, 4880.04)",3880,0.1550883363977936,2852,1028,0.2649484536082474,0.04298099545695655,0.00028369820346700017,3.5459546027131117e-05,Insufficient income,
fltgrossmonthly__income_sum,"[4880.04, 5280.58)",1529,0.061115996482532575,1127,402,0.262916939175932,0.05343808535863548,0.00017239605994552048,2.154694380099493e-05,Insufficient income,
fltgrossmonthly__income_sum,"[5280.58, 7252.99)",3721,0.14873291230314173,2791,930,0.249932813759742,0.12154630732690086,0.0021358518883000544,0.000266817263493555,Insufficient income,
fltgrossmonthly__income_sum,"[7252.99, inf)",1504,0.06011671596450555,1206,298,0.1981382978723404,0.420546550719607,0.009578654532048925,0.0011885858012409241,Insufficient income,
fltgrossmonthly__income_sum,Special,0,0.0,0,0,0.0,0.0,0.0,0.0,Insufficient income,
fltgrossmonthly__income_sum,Missing,0,0.0,0,0,0.0,0.0,0.0,0.0,Insufficient income,
fltgrossmonthly__income_sum,,25018,1.0,18178,6840,0.2734031497321928,,0.017889477020321107,0.002226929905439798,Insufficient income,
miles_odometer__app,"(-inf, 9105.50)",1442,0.05763850027979855,1196,246,0.17059639389736478,0.6039820585160945,0.018016123095357977,0.002218397686398031,Value or type of collateral not sufficient,Vehicle milegae
miles_odometer__app,"[9105.50, 25084.50)",1309,0.052322327923894796,1029,280,0.21390374331550802,0.32412879260268046,0.005079491974443235,0.0006321715947546413,Value or type of collateral not sufficient,Vehicle milegae
miles_odometer__app,"[25084.50, 40727.50)",2651,0.10596370613158526,1997,654,0.24669935873255375,0.13886964189649686,0.001978064054473218,0.00024705951836828536,Value or type of collateral not sufficient,Vehicle milegae
miles_odometer__app,"[40727.50, 49996.00)",2518,0.1006475337756815,1858,660,0.2621127879269261,0.05759174429119296,0.0003294383884258612,4.1174108433258624e-05,Value or type of collateral not sufficient,Vehicle milegae
miles_odometer__app,"[49996.00, 59571.50)",3385,0.13530258214085858,2474,911,0.2691285081240768,0.021624315630355384,6.295803154848168e-05,7.869600614482711e-06,Value or type of collateral not sufficient,Vehicle milegae
miles_odometer__app,"[59571.50, 63278.50)",1428,0.05707890318970341,1030,398,0.27871148459383754,-0.026562264122875878,4.051370831040084e-05,5.064064665909879e-06,Value or type of collateral not sufficient,Vehicle milegae
miles_odometer__app,"[63278.50, 73390.00)",3404,0.13606203533455913,2445,959,0.2817273795534665,-0.041515013036585335,0.00023669505207809743,2.958475698947266e-05,Value or type of collateral not sufficient,Vehicle milegae
miles_odometer__app,"[73390.00, 77395.50)",1313,0.052482212806779116,926,387,0.2947448591012947,-0.10497479844572177,0.0005918741386443905,7.395031582636824e-05,Value or type of collateral not sufficient,Vehicle milegae
miles_odometer__app,"[77395.50, 92102.00)",4849,0.1938204492765209,3376,1473,0.3037739740152609,-0.14803390080890222,0.00438652222258319,0.0005478151673927421,Value or type of collateral not sufficient,Vehicle milegae
miles_odometer__app,"[92102.00, 96900.50)",1339,0.05352146454552722,922,417,0.31142643764002986,-0.18396533830432715,0.0018845889302262372,0.00023524198672434087,Value or type of collateral not sufficient,Vehicle milegae
miles_odometer__app,"[96900.50, inf)",1380,0.055160284595091535,925,455,0.32971014492753625,-0.2679280215006449,0.004188996165574469,0.0005220639286319354,Value or type of collateral not sufficient,Vehicle milegae
miles_odometer__app,Special,0,0.0,0,0,0.0,0.0,0.0,0.0,Value or type of collateral not sufficient,Vehicle milegae
miles_odometer__app,Missing,0,0.0,0,0,0.0,0.0,0.0,0.0,Value or type of collateral not sufficient,Vehicle milegae
miles_odometer__app,,25018,1.0,18178,6840,0.2734031497321928,,0.03679526576166556,0.004560392728799469,Value or type of collateral not sufficient,Vehicle milegae
ENG-loan_to_value,"(-inf, 0.78)",95,0.003797265968502678,91,4,0.042105263157894736,2.14714080533484,0.009493059059205226,0.0010009732686884524,Value or type of collateral not sufficient,Loan to value
ENG-loan_to_value,"[0.78, 0.89)",178,0.007114877288352387,157,21,0.11797752808988764,1.0342990275627657,0.005757568572506092,0.0006892397225005625,Value or type of collateral not sufficient,Loan to value
ENG-loan_to_value,"[0.89, 1.01)",942,0.03765288991925814,784,158,0.16772823779193205,0.6243896472613216,0.012506301039033886,0.0015383780759559533,Value or type of collateral not sufficient,Loan to value
ENG-loan_to_value,"[1.01, 1.13)",3089,0.12347110080741866,2370,719,0.2327614114600194,0.21535953634601068,0.005440072379014837,0.0006786979773976774,Value or type of collateral not sufficient,Loan to value
ENG-loan_to_value,"[1.13, 1.25)",6422,0.256695179470781,4719,1703,0.2651821862348178,0.04178117100157952,0.0004438375236158196,5.547565542818496e-05,Value or type of collateral not sufficient,Loan to value
ENG-loan_to_value,"[1.25, 1.37)",7435,0.2971860260612359,5246,2189,0.29441829186281104,-0.10340327715816355,0.0032508579648187885,0.0004061763061530511,Value or type of collateral not sufficient,Loan to value
ENG-loan_to_value,"[1.37, 1.60)",6823,0.27272363897993446,4792,2031,0.29766964678294006,-0.11900476184721887,0.003964580013374081,0.0004952802767606516,Value or type of collateral not sufficient,Loan to value
ENG-loan_to_value,"[1.60, 1.72)",22,0.0008793668558637781,14,8,0.36363636363636365,-0.4178085521266969,0.0001668848142766582,2.071018427619273e-05,Value or type of collateral not sufficient,Loan to value
ENG-loan_to_value,"[1.72, 2.19)",7,0.0002797985450475658,3,4,0.5714285714285714,-1.2651064125139004,0.0005310419082021703,6.227998200319938e-05,Value or type of collateral not sufficient,Loan to value
ENG-loan_to_value,"[2.19, inf)",5,0.00019985610360540411,2,3,0.6,-1.3828894481702838,0.00045438066896901896,5.266465045375504e-05,Value or type of collateral not sufficient,Loan to value
ENG-loan_to_value,Special,0,0.0,0,0,0.0,0.0,0.0,0.0,Value or type of collateral not sufficient,Loan to value
ENG-loan_to_value,Missing,0,0.0,0,0,0.0,0.0,0.0,0.0,Value or type of collateral not sufficient,Loan to value
ENG-loan_to_value,,25018,1.0,18178,6840,0.2734031497321928,,0.04200858394301657,0.00499987609961768,Value or type of collateral not sufficient,Loan to value
linkt001__tu,"(-inf, 0.50)",2461,0.0983691741945799,1982,479,0.19463632669646486,0.4427367774168983,0.017268353470641727,0.0021410856367487796,Length of residence,Number of non-military addresses in last 7 years
linkt001__tu,"[0.50, 1.50)",4584,0.18322807578543449,3420,1164,0.25392670157068065,0.10035386170314797,0.0018027638666996517,0.00022525097129021902,Length of residence,Number of non-military addresses in last 7 years
linkt001__tu,"[1.50, 2.50)",4907,0.1961387800783436,3547,1360,0.2771550845730589,-0.018806864018595326,6.966876584771078e-05,8.708467390980911e-06,Length of residence,Number of non-military addresses in last 7 years
linkt001__tu,"[2.50, 3.50)",4135,0.1652809976816692,2963,1172,0.2834340991535671,-0.04993376262551219,0.00041673716623464457,5.208673455609977e-05,Length of residence,Number of non-military addresses in last 7 years
linkt001__tu,"[3.50, 4.50)",3136,0.12534974818130945,2225,911,0.29049744897959184,-0.08445504272173743,0.0009109684364510377,0.00011383722483500119,Length of residence,Number of non-military addresses in last 7 years
linkt001__tu,"[4.50, 5.50)",2201,0.08797665680709889,1546,655,0.2975920036347115,-0.11863334655000424,0.0012708447613984746,0.00015876250596361411,Length of residence,Number of non-military addresses in last 7 years
linkt001__tu,"[5.50, 7.50)",2287,0.09141418178911184,1593,694,0.3034543069523393,-0.1465219906588756,0.0020261918446077974,0.00025304766259815143,Length of residence,Number of non-military addresses in last 7 years
linkt001__tu,"[7.50, inf)",1307,0.052242385482452636,902,405,0.3098699311400153,-0.17669688710603504,0.0016945418820811878,0.00021154260934063687,Length of residence,Number of non-military addresses in last 7 years
linkt001__tu,Special,0,0.0,0,0,0.0,0.0,0.0,0.0,Length of residence,Number of non-military addresses in last 7 years
linkt001__tu,Missing,0,0.0,0,0,0.0,0.0,0.0,0.0,Length of residence,Number of non-military addresses in last 7 years
linkt001__tu,,25018,1.0,18178,6840,0.2734031497321928,,0.02546007019396223,0.003164321812723483,Length of residence,Number of non-military addresses in last 7 years
linkt003__tu,"(-inf, 0.50)",18539,0.7410264609481173,13723,4816,0.2597766869841955,0.0697052092188567,0.003543113462760379,0.00044279954140839795,Length of residence,Number of non-military non-corroborated addresses in past 12 months
linkt003__tu,"[0.50, 1.50)",5153,0.20597170037572948,3556,1597,0.30991655346400154,-0.17691489164333662,0.006697723886809856,0.0008361253622228611,Length of residence,Number of non-military non-corroborated addresses in past 12 months
linkt003__tu,"[1.50, inf)",1326,0.05300183867615317,899,427,0.3220211161387632,-0.23292531881912393,0.0030213942561838824,0.0003768228239364856,Length of residence,Number of non-military non-corroborated addresses in past 12 months
linkt003__tu,Special,0,0.0,0,0,0.0,0.0,0.0,0.0,Length of residence,Number of non-military non-corroborated addresses in past 12 months
linkt003__tu,Missing,0,0.0,0,0,0.0,0.0,0.0,0.0,Length of residence,Number of non-military non-corroborated addresses in past 12 months
linkt003__tu,,25018,1.0,18178,6840,0.2734031497321928,,0.013262231605754116,0.0016557477275677447,Length of residence,Number of non-military non-corroborated addresses in past 12 months
au20s__tu,"(-inf, 40.50)",11003,0.43980334159405227,7564,3439,0.31255112242115785,-0.18920492071603767,0.016398465257435848,0.0020467561168457105,"Insufficient credit file, Length of Credit",Months since oldest auto trade opened
au20s__tu,"[40.50, 50.50)",1427,0.05703893196898233,1006,421,0.2950245269796776,-0.10631982308481625,0.000660042590519126,8.246648608472911e-05,"Insufficient credit file, Length of Credit",Months since oldest auto trade opened
au20s__tu,"[50.50, 85.50)",6014,0.24038692141658005,4409,1605,0.2668772863318922,0.03309980973170201,0.00026138296936649555,3.2671379739476585e-05,"Insufficient credit file, Length of Credit",Months since oldest auto trade opened
au20s__tu,"[85.50, 101.50)",2268,0.09065472859541131,1747,521,0.22971781305114639,0.23248092831857015,0.004634644805704894,0.0005780294785538327,"Insufficient credit file, Length of Credit",Months since oldest auto trade opened
au20s__tu,"[101.50, 132.50)",2936,0.11735550403709329,2318,618,0.21049046321525886,0.34454722637988666,0.012805408219334896,0.001592805196252248,"Insufficient credit file, Length of Credit",Months since oldest auto trade opened
au20s__tu,"[132.50, inf)",1370,0.05476057238788073,1134,236,0.17226277372262774,0.5922503391999677,0.016512043973969614,0.0020343593182446038,"Insufficient credit file, Length of Credit",Months since oldest auto trade opened
au20s__tu,Special,0,0.0,0,0,0.0,0.0,0.0,0.0,"Insufficient credit file, Length of Credit",Months since oldest auto trade opened
au20s__tu,Missing,0,0.0,0,0,0.0,0.0,0.0,0.0,"Insufficient credit file, Length of Credit",Months since oldest auto trade opened
au20s__tu,,25018,1.0,18178,6840,0.2734031497321928,,0.051271987816330876,0.0063670879757206,"Insufficient credit file, Length of Credit",Months since oldest auto trade opened
br109s__tu,"(-inf, 0.50)",7286,0.29123031417379486,5611,1675,0.22989294537469118,0.23149145142968564,0.014766094220951707,0.001841651487804902,Delinquent credit obligations,Number of bank revolving trades with past due amount > $50 verified in past 12 months
br109s__tu,"[0.50, inf)",17732,0.7087696858262051,12567,5165,0.2912812993458155,-0.0882551120007139,0.005629509388941826,0.0007034603872581903,Delinquent credit obligations,Number of bank revolving trades with past due amount > $50 verified in past 12 months
br109s__tu,Special,0,0.0,0,0,0.0,0.0,0.0,0.0,Delinquent credit obligations,Number of bank revolving trades with past due amount > $50 verified in past 12 months
br109s__tu,Missing,0,0.0,0,0,0.0,0.0,0.0,0.0,Delinquent credit obligations,Number of bank revolving trades with past due amount > $50 verified in past 12 months
br109s__tu,,25018,1.0,18178,6840,0.2734031497321928,,0.020395603609893533,0.0025451118750630924,Delinquent credit obligations,Number of bank revolving trades with past due amount > $50 verified in past 12 months
co01s__tu,"(-inf, 0.50)",10931,0.43692541370213445,8112,2819,0.2578904034397585,0.07953789465473216,0.002713770158983234,0.000339131881163357,Delinquent credit obligations,Number of charged-off trades
co01s__tu,"[0.50, 1.50)",5813,0.23235270605164282,4179,1634,0.2810940994323069,-0.03838335303415241,0.0003452817243087629,4.315756626879297e-05,Delinquent credit obligations,Number of charged-off trades
co01s__tu,"[1.50, 2.50)",3277,0.13098569030298185,2352,925,0.2822703692401587,-0.04419676855602728,0.00025840731612770967,3.229828580885016e-05,Delinquent credit obligations,Number of charged-off trades
co01s__tu,"[2.50, 3.50)",1903,0.07606523303221681,1352,551,0.28954282711508145,-0.07981889261212471,0.0004932757018587115,6.164309978358602e-05,Delinquent credit obligations,Number of charged-off trades
co01s__tu,"[3.50, inf)",3094,0.12367095691102406,2183,911,0.2944408532643827,-0.10351188077213402,0.0013556863616132294,0.00016938518057681455,Delinquent credit obligations,Number of charged-off trades
co01s__tu,Special,0,0.0,0,0,0.0,0.0,0.0,0.0,Delinquent credit obligations,Number of charged-off trades
co01s__tu,Missing,0,0.0,0,0,0.0,0.0,0.0,0.0,Delinquent credit obligations,Number of charged-off trades
co01s__tu,,25018,1.0,18178,6840,0.2734031497321928,,0.005166421262891647,0.0006456160136014007,Delinquent credit obligations,Number of charged-off trades
fi25s__tu,"(-inf, 0.50)",20691,0.8270445279398833,14832,5859,0.28316659417137885,-0.048616271801271704,0.0019761348564906927,0.00024699253349048066,Delinquent credit obligations,Number of currently open and satisfactory finance installment trades 12 months or older
fi25s__tu,"[0.50, inf)",4327,0.17295547206011672,3346,981,0.22671596949387565,0.24952408191928666,0.010142555517834651,0.001264540590190915,Delinquent credit obligations,Number of currently open and satisfactory finance installment trades 12 months or older
fi25s__tu,Special,0,0.0,0,0,0.0,0.0,0.0,0.0,Delinquent credit obligations,Number of currently open and satisfactory finance installment trades 12 months or older
fi25s__tu,Missing,0,0.0,0,0,0.0,0.0,0.0,0.0,Delinquent credit obligations,Number of currently open and satisfactory finance installment trades 12 months or older
fi25s__tu,,25018,1.0,18178,6840,0.2734031497321928,,0.012118690374325343,0.0015115331236813957,Delinquent credit obligations,Number of currently open and satisfactory finance installment trades 12 months or older
fi36s__tu,"(-inf, 0.50)",6380,0.25501638820049566,4437,1943,0.30454545454545456,-0.1516790380606503,0.006063835105741941,0.0007572536198540945,Delinquent credit obligations,Months since most recent finance installment delinquency
fi36s__tu,"[0.50, 4.50)",9269,0.3704932448636981,6688,2581,0.27845506527133457,-0.025286385016195845,0.00023824626286340076,2.9779989472006243e-05,Delinquent credit obligations,Months since most recent finance installment delinquency
fi36s__tu,"[4.50, 16.50)",1886,0.07538572227995843,1409,477,0.25291622481442205,0.10569468094821943,0.000821716454673701,0.00010266677261286318,Delinquent credit obligations,Months since most recent finance installment delinquency
fi36s__tu,"[16.50, inf)",7483,0.2991046446558478,5644,1839,0.24575704931177336,0.14394674830626408,0.005991862967633343,0.0007483368974810552,Delinquent credit obligations,Months since most recent finance installment delinquency
fi36s__tu,Special,0,0.0,0,0,0.0,0.0,0.0,0.0,Delinquent credit obligations,Months since most recent finance installment delinquency
fi36s__tu,Missing,0,0.0,0,0,0.0,0.0,0.0,0.0,Delinquent credit obligations,Months since most recent finance installment delinquency
fi36s__tu,,25018,1.0,18178,6840,0.2734031497321928,,0.013115660790912385,0.0016380372794200192,Delinquent credit obligations,Months since most recent finance installment delinquency
g002s__tu,"(-inf, 0.50)",16140,0.6451355024382445,11913,4227,0.26189591078066915,0.05871337917045161,0.0021941288382043753,0.0002742267171137146,Delinquent credit obligations,Number of 60 days past due ratings in past 12 months
g002s__tu,"[0.50, inf)",8878,0.35486449756175553,6265,2613,0.2943230457310205,-0.10294473825256345,0.0038470621540213417,0.00048067053952007,Delinquent credit obligations,Number of 60 days past due ratings in past 12 months
g002s__tu,Special,0,0.0,0,0,0.0,0.0,0.0,0.0,Delinquent credit obligations,Number of 60 days past due ratings in past 12 months
g002s__tu,Missing,0,0.0,0,0,0.0,0.0,0.0,0.0,Delinquent credit obligations,Number of 60 days past due ratings in past 12 months
g002s__tu,,25018,1.0,18178,6840,0.2734031497321928,,0.006041190992225717,0.0007548972566337846,Delinquent credit obligations,Number of 60 days past due ratings in past 12 months
g232s__tu,"(-inf, 2.50)",1779,0.07110880166280278,1392,387,0.2175379426644182,0.3026478078024636,0.006052088648970951,0.0007536370244626729,Excessive inquiries,Number of inquiries (includes duplicates)
g232s__tu,"[2.50, 3.50)",1333,0.05328163722120074,1022,311,0.23330832708177043,0.21229951852229612,0.002283062721578888,0.0002848481069540852,Excessive inquiries,Number of inquiries (includes duplicates)
g232s__tu,"[3.50, 4.50)",1635,0.06535294587896714,1231,404,0.2470948012232416,0.13674290816118384,0.0011834953139943463,0.00014782176287666095,Excessive inquiries,Number of inquiries (includes duplicates)
g232s__tu,"[4.50, 6.50)",3243,0.1296266687984651,2426,817,0.251927227875424,0.11093565458187304,0.0015546058634804643,0.00019422614786569455,Excessive inquiries,Number of inquiries (includes duplicates)
g232s__tu,"[6.50, 7.50)",1448,0.05787832760412503,1058,390,0.26933701657458564,0.020564533232433013,2.4362362584820626e-05,3.045241663592426e-06,Excessive inquiries,Number of inquiries (includes duplicates)
g232s__tu,"[7.50, 12.50)",6065,0.2424254536733552,4419,1646,0.2713932399010717,0.010140983831605221,2.4873554829566775e-05,3.109181030937799e-06,Excessive inquiries,Number of inquiries (includes duplicates)
g232s__tu,"[12.50, 31.50)",8055,0.32196818290830603,5658,2397,0.2975791433891993,-0.11857182263499144,0.004646027337518515,0.0005804134489452179,Excessive inquiries,Number of inquiries (includes duplicates)
g232s__tu,"[31.50, inf)",1460,0.058357982252778,972,488,0.33424657534246577,-0.2883839414548278,0.005154516974008695,0.0006420911723262132,Excessive inquiries,Number of inquiries (includes duplicates)
g232s__tu,Special,0,0.0,0,0,0.0,0.0,0.0,0.0,Excessive inquiries,Number of inquiries (includes duplicates)
g232s__tu,Missing,0,0.0,0,0,0.0,0.0,0.0,0.0,Excessive inquiries,Number of inquiries (includes duplicates)
g232s__tu,,25018,1.0,18178,6840,0.2734031497321928,,0.02092303277696625,0.0026091920861250747,Excessive inquiries,Number of inquiries (includes duplicates)
in21s__tu,"(-inf, 0.50)",2074,0.08290031177552162,1447,627,0.30231436837029896,-0.14112315406355647,0.0017026438408353816,0.00021265404422256577,Insufficient credit history,Months since most recent installment trade opened
in21s__tu,"[0.50, 16.50)",10752,0.429770565193061,7631,3121,0.2902715773809524,-0.08335890504326582,0.0030420492938576338,0.00038014610460763813,Insufficient credit history,Months since most recent installment trade opened
in21s__tu,"[16.50, 33.50)",4767,0.19054280917739227,3469,1298,0.2722886511432767,0.005617409643594695,6.004974364842345e-06,7.506208086864585e-07,Insufficient credit history,Months since most recent installment trade opened
in21s__tu,"[33.50, 41.50)",1610,0.06435366536094013,1194,416,0.25838509316770186,0.0769546936291644,0.00037439075214468806,4.678729977301236e-05,Insufficient credit history,Months since most recent installment trade opened
in21s__tu,"[41.50, 83.50)",4510,0.1802702054520745,3410,1100,0.24390243902439024,0.15397777142898128,0.00412208969568081,0.0005147527976347944,Insufficient credit history,Months since most recent installment trade opened
in21s__tu,"[83.50, inf)",1305,0.052162443041010476,1027,278,0.21302681992337164,0.3293517561758018,0.005221407539467694,0.0006497419557219058,Insufficient credit history,Months since most recent installment trade opened
in21s__tu,Special,0,0.0,0,0,0.0,0.0,0.0,0.0,Insufficient credit history,Months since most recent installment trade opened
in21s__tu,Missing,0,0.0,0,0,0.0,0.0,0.0,0.0,Insufficient credit history,Months since most recent installment trade opened
in21s__tu,,25018,1.0,18178,6840,0.2734031497321928,,0.014468586096351049,0.001804832822768603,Insufficient credit history,Months since most recent installment trade opened
in30s__tu,"(-inf, 98.50)",2872,0.11479734591094412,2228,644,0.22423398328690808,0.26373653488070137,0.0074937286769239985,0.0009340106944322486,Excessive Account Balances,Percentage of open installment trades > 50% of credit line verified in past 12 months
in30s__tu,"[98.50, inf)",22146,0.8852026540890559,15950,6196,0.2797796441795358,-0.031869433385888324,0.0009055282651270814,0.0001131862432302835,Excessive Account Balances,Percentage of open installment trades > 50% of credit line verified in past 12 months
in30s__tu,Special,0,0.0,0,0,0.0,0.0,0.0,0.0,Excessive Account Balances,Percentage of open installment trades > 50% of credit line verified in past 12 months
in30s__tu,Missing,0,0.0,0,0,0.0,0.0,0.0,0.0,Excessive Account Balances,Percentage of open installment trades > 50% of credit line verified in past 12 months
in30s__tu,,25018,1.0,18178,6840,0.2734031497321928,,0.00839925694205108,0.001047196937662532,Excessive Account Balances,Percentage of open installment trades > 50% of credit line verified in past 12 months
rp01s__tu,"(-inf, 0.50)",21636,0.8648173315213047,15882,5754,0.26594564614531335,0.03786678728154358,0.0012293606023524883,0.00015366089484665502,"Garnishment, or attachment, or foreclosure, or repossession, or suit",Number of repossession trades
rp01s__tu,"[0.50, inf)",3382,0.13518266847869534,2296,1086,0.3211117681845062,-0.2287570831165433,0.007426691453954453,0.0009263175605069779,"Garnishment, or attachment, or foreclosure, or repossession, or suit",Number of repossession trades
rp01s__tu,Special,0,0.0,0,0,0.0,0.0,0.0,0.0,"Garnishment, or attachment, or foreclosure, or repossession, or suit",Number of repossession trades
rp01s__tu,Missing,0,0.0,0,0,0.0,0.0,0.0,0.0,"Garnishment, or attachment, or foreclosure, or repossession, or suit",Number of repossession trades
rp01s__tu,,25018,1.0,18178,6840,0.2734031497321928,,0.008656052056306941,0.001079978455353633,"Garnishment, or attachment, or foreclosure, or repossession, or suit",Number of repossession trades
s068b__tu,"(-inf, 0.50)",3442,0.1375809417219602,2555,887,0.25769901220220803,0.08053818026610571,0.0008759456414152267,0.00010946362241432165,Delinquent credit obligations,Number of non-medical third party collections
s068b__tu,"[0.50, inf)",21576,0.8624190582780398,15623,5953,0.27590841675936223,-0.01257544680360645,0.00013677249448736323,1.7096449158341027e-05,Delinquent credit obligations,Number of non-medical third party collections
s068b__tu,Special,0,0.0,0,0,0.0,0.0,0.0,0.0,Delinquent credit obligations,Number of non-medical third party collections
s068b__tu,Missing,0,0.0,0,0,0.0,0.0,0.0,0.0,Delinquent credit obligations,Number of non-medical third party collections
s068b__tu,,25018,1.0,18178,6840,0.2734031497321928,,0.00101271813590259,0.00012656007157266268,Delinquent credit obligations,Number of non-medical third party collections
st20s__tu,"(-inf, 115.50)",19793,0.7911503717323527,14228,5565,0.28116000606274943,-0.0387094707034189,0.0011958177422661156,0.00014946788597739163,"Insufficient credit file, Length of Credit",Months since oldest student loan trade opened
st20s__tu,"[115.50, 162.50)",2633,0.1052442241586058,1966,667,0.25332320546904674,0.10354191472936847,0.00110148843405709,0.0001376245821124284,"Insufficient credit file, Length of Credit",Months since oldest student loan trade opened
st20s__tu,"[162.50, 196.50)",1321,0.05280198257254776,993,328,0.24829674489023468,0.1302927155989092,0.000869476539906672,0.00010860775559736174,"Insufficient credit file, Length of Credit",Months since oldest student loan trade opened
st20s__tu,"[196.50, inf)",1271,0.050803421536493726,991,280,0.22029897718332023,0.2865005910986188,0.003890900334260553,0.0004847059264131083,"Insufficient credit file, Length of Credit",Months since oldest student loan trade opened
st20s__tu,Special,0,0.0,0,0,0.0,0.0,0.0,0.0,"Insufficient credit file, Length of Credit",Months since oldest student loan trade opened
st20s__tu,Missing,0,0.0,0,0,0.0,0.0,0.0,0.0,"Insufficient credit file, Length of Credit",Months since oldest student loan trade opened
st20s__tu,,25018,1.0,18178,6840,0.2734031497321928,,0.007057683050490431,0.0008804061501002901,"Insufficient credit file, Length of Credit",Months since oldest student loan trade opened
jt20s__tu,"(-inf, 36.50)",16882,0.6747941482132864,11906,4976,0.2947518066579789,-0.10500822076779937,0.007614969030252232,0.0009514340354852269,Insufficient length of credit history ,Months since oldest joint trade opened
jt20s__tu,"[36.50, 55.50)",1395,0.05575985290590774,1033,362,0.25949820788530464,0.07115391723174802,0.00027771068274396555,3.470651419708456e-05,Insufficient length of credit history ,Months since oldest joint trade opened
jt20s__tu,"[55.50, 83.50)",2537,0.10140698696938205,1886,651,0.25660228616476155,0.08627948092271376,0.000739962964000787,9.246669161997725e-05,Insufficient length of credit history ,Months since oldest joint trade opened
jt20s__tu,"[83.50, 101.50)",1359,0.05432088895994883,1052,307,0.22590139808682855,0.25417630564833826,0.003301524556838985,0.0004115832241720287,Insufficient length of credit history ,Months since oldest joint trade opened
jt20s__tu,"[101.50, 134.50)",1566,0.06259493164921257,1247,319,0.2037037037037037,0.3858805028330724,0.008474699489946922,0.001052813510487906,Insufficient length of credit history ,Months since oldest joint trade opened
jt20s__tu,"[134.50, inf)",1279,0.05112319130226237,1054,225,0.17591868647380765,0.566822986834768,0.014220137341194844,0.001754097328322969,Insufficient length of credit history ,Months since oldest joint trade opened
jt20s__tu,Special,0,0.0,0,0,0.0,0.0,0.0,0.0,Insufficient length of credit history ,Months since oldest joint trade opened
jt20s__tu,Missing,0,0.0,0,0,0.0,0.0,0.0,0.0,Insufficient length of credit history ,Months since oldest joint trade opened
jt20s__tu,,25018,1.0,18178,6840,0.2734031497321928,,0.034629004064977736,0.004297101304285192,Insufficient length of credit history ,Months since oldest joint trade opened
g407s__tu,"(-inf, 0.50)",7682,0.3070589175793429,5746,1936,0.2520177037229888,0.11045563164059302,0.0036511600088456864,0.0004561631332598761,Excessive inquiries,Number of deduped finance inquiries
g407s__tu,"[0.50, 1.50)",6766,0.27044527939883284,4924,1842,0.2722435707951522,0.005844930426972428,9.227032386747215e-06,1.153377406534024e-06,Excessive inquiries,Number of deduped finance inquiries
g407s__tu,"[1.50, 5.50)",8962,0.3582220801023263,6403,2559,0.2855389422004017,-0.060274266703106316,0.0013190322178080387,0.00016485407328378082,Excessive inquiries,Number of deduped finance inquiries
g407s__tu,"[5.50, inf)",1608,0.06427372291949796,1105,503,0.31281094527363185,-0.1904138962100056,0.002427824068987324,0.00030302036569414574,Excessive inquiries,Number of deduped finance inquiries
g407s__tu,Special,0,0.0,0,0,0.0,0.0,0.0,0.0,Excessive inquiries,Number of deduped finance inquiries
g407s__tu,Missing,0,0.0,0,0,0.0,0.0,0.0,0.0,Excessive inquiries,Number of deduped finance inquiries
g407s__tu,,25018,1.0,18178,6840,0.2734031497321928,,0.007407243328027796,0.0009251909496443367,Excessive inquiries,Number of deduped finance inquiries
cv15__tu,"(-inf, 1.50)",9828,0.3928371572467823,7419,2409,0.2451159951159951,0.14740821351253508,0.008245680109088688,0.0010297778394571817,Excessive inquiries,Number of deduped auto inquiries
cv15__tu,"[1.50, 2.50)",6451,0.2578543448716924,4702,1749,0.27112075647186484,0.011519414019293017,3.4127014189432216e-05,4.265853187643081e-06,Excessive inquiries,Number of deduped auto inquiries
cv15__tu,"[2.50, 3.50)",3687,0.14737389079862498,2580,1107,0.3002441008950366,-0.13128859485509337,0.002614257887865247,0.0003265477444895394,Excessive inquiries,Number of deduped auto inquiries
cv15__tu,"[3.50, 5.50)",3302,0.13198497082100888,2308,994,0.3010296789824349,-0.13502491909070347,0.002478378937008169,0.00030956224221657166,Excessive inquiries,Number of deduped auto inquiries
cv15__tu,"[5.50, inf)",1750,0.06994963626189143,1169,581,0.332,-0.27827113544196247,0.005741572701374989,0.0007153899032050111,Excessive inquiries,Number of deduped auto inquiries
cv15__tu,Special,0,0.0,0,0,0.0,0.0,0.0,0.0,Excessive inquiries,Number of deduped auto inquiries
cv15__tu,Missing,0,0.0,0,0,0.0,0.0,0.0,0.0,Excessive inquiries,Number of deduped auto inquiries
cv15__tu,,25018,1.0,18178,6840,0.2734031497321928,,0.019114016649526524,0.002385543582555947,Excessive inquiries,Number of deduped auto inquiries
rev326__tu,"(-inf, 41.50)",16875,0.6745143496682389,11942,4933,0.29232592592592593,-0.09331006418892007,0.00599525292873831,0.000749134863159636,Excessive Account Balances,Average Total Open-to-Buy for Revolving accounts over the past 6 month
rev326__tu,"[41.50, 128.50)",2008,0.08026221120793028,1473,535,0.26643426294820716,0.035365329504504106,9.957612317047897e-05,1.24463667883891e-05,Excessive Account Balances,Average Total Open-to-Buy for Revolving accounts over the past 6 month
rev326__tu,"[128.50, 273.50)",1968,0.07866336237908705,1483,485,0.2464430894308943,0.14024911113832939,0.0014972573655474772,0.000187003931950831,Excessive Account Balances,Average Total Open-to-Buy for Revolving accounts over the past 6 month
rev326__tu,"[273.50, inf)",4167,0.1665600767447438,3280,887,0.212862970962323,0.3303293790064904,0.016767363820148318,0.002086442932514556,Excessive Account Balances,Average Total Open-to-Buy for Revolving accounts over the past 6 month
rev326__tu,Special,0,0.0,0,0,0.0,0.0,0.0,0.0,Excessive Account Balances,Average Total Open-to-Buy for Revolving accounts over the past 6 month
rev326__tu,Missing,0,0.0,0,0,0.0,0.0,0.0,0.0,Excessive Account Balances,Average Total Open-to-Buy for Revolving accounts over the past 6 month
rev326__tu,,25018,1.0,18178,6840,0.2734031497321928,,0.024359450237604583,0.0030350280944134124,Excessive Account Balances,Average Total Open-to-Buy for Revolving accounts over the past 6 month
aut252__tu,"(-inf, 0.50)",22398,0.8952754017107682,16176,6222,0.2777926600589338,-0.02198707625944918,0.0004349538561291647,5.436813688430766e-05,Excessive Account Balances,Average Aggregate Excess Payment for Auto accounts over the past 3 months
aut252__tu,"[0.50, 100.50)",1293,0.0516827883923575,978,315,0.24361948955916474,0.15551269114706467,0.0012050160103373416,0.00015047540154689855,Excessive Account Balances,Average Aggregate Excess Payment for Auto accounts over the past 3 months
aut252__tu,"[100.50, inf)",1327,0.05304180989687425,1024,303,0.22833458929917105,0.2403146600279643,0.002891846664747706,0.00036061350667149304,Excessive Account Balances,Average Aggregate Excess Payment for Auto accounts over the past 3 months
aut252__tu,Special,0,0.0,0,0,0.0,0.0,0.0,0.0,Excessive Account Balances,Average Aggregate Excess Payment for Auto accounts over the past 3 months
aut252__tu,Missing,0,0.0,0,0,0.0,0.0,0.0,0.0,Excessive Account Balances,Average Aggregate Excess Payment for Auto accounts over the past 3 months
aut252__tu,,25018,1.0,18178,6840,0.2734031497321928,,0.0045318165312142125,0.0005654570451026992,Excessive Account Balances,Average Aggregate Excess Payment for Auto accounts over the past 3 months
per235__tu,"(-inf, 5.50)",22862,0.9138220481253497,16533,6329,0.276834922578952,-0.017208202286079888,0.0002716555886880611,3.395652961685983e-05,Excessive Account Balances,Aggregate Excess Payment for Personal Loan accounts over the past 24 months
per235__tu,"[5.50, inf)",2156,0.08617795187465026,1645,511,0.237012987012987,0.19170173293364823,0.0030262805054737116,0.0003777068834578774,Excessive Account Balances,Aggregate Excess Payment for Personal Loan accounts over the past 24 months
per235__tu,Special,0,0.0,0,0,0.0,0.0,0.0,0.0,Excessive Account Balances,Aggregate Excess Payment for Personal Loan accounts over the past 24 months
per235__tu,Missing,0,0.0,0,0,0.0,0.0,0.0,0.0,Excessive Account Balances,Aggregate Excess Payment for Personal Loan accounts over the past 24 months
per235__tu,,25018,1.0,18178,6840,0.2734031497321928,,0.0032979360941617726,0.0004116634130747372,Excessive Account Balances,Aggregate Excess Payment for Personal Loan accounts over the past 24 months
rtl_trd__tu,"(-inf, 0.50)",12337,0.4931249500359741,8619,3718,0.3013698630136986,-0.13664116069610954,0.009485995724442213,0.00118482787171054,"Insufficient credit file, Length of Credit",Number of retail trades
rtl_trd__tu,"[0.50, 1.50)",5284,0.21120793029019105,3836,1448,0.27403482210446634,-0.003177477004452478,2.1339659965858323e-06,2.66745637346504e-07,"Insufficient credit file, Length of Credit",Number of retail trades
rtl_trd__tu,"[1.50, 2.50)",2772,0.11080022383883603,2090,682,0.24603174603174602,0.14246534705327496,0.002174953237268323,0.000271639472796131,"Insufficient credit file, Length of Credit",Number of retail trades
rtl_trd__tu,"[2.50, 3.50)",1547,0.06183547845551203,1182,365,0.2359405300581771,0.19764150432143246,0.002304713762432196,0.0002876212430023566,"Insufficient credit file, Length of Credit",Number of retail trades
rtl_trd__tu,"[3.50, 5.50)",1632,0.0652330322168039,1270,362,0.22181372549019607,0.2777036275647463,0.004704492447426884,0.0005861791915085868,"Insufficient credit file, Length of Credit",Number of retail trades
rtl_trd__tu,"[5.50, inf)",1446,0.05779838516268287,1181,265,0.18326417704011064,0.5169626501490207,0.013557838349931996,0.0016761068611307666,"Insufficient credit file, Length of Credit",Number of retail trades
rtl_trd__tu,Special,0,0.0,0,0,0.0,0.0,0.0,0.0,"Insufficient credit file, Length of Credit",Number of retail trades
rtl_trd__tu,Missing,0,0.0,0,0,0.0,0.0,0.0,0.0,"Insufficient credit file, Length of Credit",Number of retail trades
rtl_trd__tu,,25018,1.0,18178,6840,0.2734031497321928,,0.0322301274874982,0.004006641385785727,"Insufficient credit file, Length of Credit",Number of retail trades
trv10__tu,"(-inf, 5.50)",13481,0.5388520265408906,9480,4001,0.2967880721014762,-0.11478435367028716,0.007281001520231155,0.0009096258811537635,Excessive Account Balances,Number of months non-mortgage balance decreases last 12 months
trv10__tu,"[5.50, 9.50)",4776,0.190902550163882,3462,1314,0.2751256281407035,-0.008653803370520907,1.4324369500803927e-05,1.7905406004864628e-06,Excessive Account Balances,Number of months non-mortgage balance decreases last 12 months
trv10__tu,"[9.50, 11.50)",3534,0.14125829402829962,2703,831,0.23514431239388794,0.20206341135887984,0.005497134729640499,0.0006859752332261685,Excessive Account Balances,Number of months non-mortgage balance decreases last 12 months
trv10__tu,"[11.50, inf)",3227,0.12898712926692782,2533,694,0.21506042764177255,0.31726334943275114,0.012018657130510164,0.0014960628988556091,Excessive Account Balances,Number of months non-mortgage balance decreases last 12 months
trv10__tu,Special,0,0.0,0,0,0.0,0.0,0.0,0.0,Excessive Account Balances,Number of months non-mortgage balance decreases last 12 months
trv10__tu,Missing,0,0.0,0,0,0.0,0.0,0.0,0.0,Excessive Account Balances,Number of months non-mortgage balance decreases last 12 months
trv10__tu,,25018,1.0,18178,6840,0.2734031497321928,,0.024811117749882622,0.0030934545538360276,Excessive Account Balances,Number of months non-mortgage balance decreases last 12 months
trv13__tu,"(-inf, 0.50)",20180,0.806619234151411,14537,5643,0.2796333002973241,-0.0311430556049348,0.0007878278204383964,9.847449802765588e-05,High revolving credit balances,Number of revolving high credit increases YOY
trv13__tu,"[0.50, 1.50)",2881,0.11515708689743384,2147,734,0.2547726483859771,0.09589342920214594,0.0010356357578039119,0.00012940489231021406,High revolving credit balances,Number of revolving high credit increases YOY
trv13__tu,"[1.50, inf)",1957,0.07822367895115517,1494,463,0.23658661216147164,0.19406097154440893,0.002813340880640764,0.00035111682693689293,High revolving credit balances,Number of revolving high credit increases YOY
trv13__tu,Special,0,0.0,0,0,0.0,0.0,0.0,0.0,High revolving credit balances,Number of revolving high credit increases YOY
trv13__tu,Missing,0,0.0,0,0,0.0,0.0,0.0,0.0,High revolving credit balances,Number of revolving high credit increases YOY
trv13__tu,,25018,1.0,18178,6840,0.2734031497321928,,0.004636804458883072,0.0005789962172747629,High revolving credit balances,Number of revolving high credit increases YOY
balmag01__tu,"(-inf, 95.50)",1258,0.05028379566711967,1003,255,0.20270270270270271,0.39206290274138966,0.007016312749176185,0.000871464721896472,Excessive Account Balances,Non-mortgage balance magnitude algorithm over last 24 months
balmag01__tu,"[95.50, 148.50)",1551,0.06199536333839636,1215,336,0.21663442940038685,0.30796385574932506,0.005455958247629252,0.0006793124312263399,Excessive Account Balances,Non-mortgage balance magnitude algorithm over last 24 months
balmag01__tu,"[148.50, 209.50)",2753,0.1100407706451355,2115,638,0.23174718488921178,0.22104746807346876,0.005100577392983493,0.0006362772937265624,Excessive Account Balances,Non-mortgage balance magnitude algorithm over last 24 months
balmag01__tu,"[209.50, 232.50)",1393,0.05567991046446558,1062,331,0.23761665470208185,0.1883664863627016,0.0018894017177202812,0.00023582666827578775,Excessive Account Balances,Non-mortgage balance magnitude algorithm over last 24 months
balmag01__tu,"[232.50, 260.50)",1858,0.07426652809976816,1365,493,0.26533907427341225,0.040976193514250636,0.00012353280195746832,1.5440520035593067e-05,Excessive Account Balances,Non-mortgage balance magnitude algorithm over last 24 months
balmag01__tu,"[260.50, 298.50)",3655,0.14609481173555042,2595,1060,0.29001367989056087,-0.08210673156824333,0.0010029979079876586,0.00012533953304315034,Excessive Account Balances,Non-mortgage balance magnitude algorithm over last 24 months
balmag01__tu,"[298.50, inf)",12550,0.5016388200495643,8823,3727,0.29697211155378483,-0.11566601231927309,0.006883991561353984,0.0008600195868987848,Excessive Account Balances,Non-mortgage balance magnitude algorithm over last 24 months
balmag01__tu,Special,0,0.0,0,0,0.0,0.0,0.0,0.0,Excessive Account Balances,Non-mortgage balance magnitude algorithm over last 24 months
balmag01__tu,Missing,0,0.0,0,0,0.0,0.0,0.0,0.0,Excessive Account Balances,Non-mortgage balance magnitude algorithm over last 24 months
balmag01__tu,,25018,1.0,18178,6840,0.2734031497321928,,0.02747277237880832,0.00342368075510269,Excessive Account Balances,Non-mortgage balance magnitude algorithm over last 24 months
linkf098__tu,"(-inf, 2.50)",23574,0.9422815572787593,17054,6520,0.2765758886909307,-0.01591393568082322,0.0002394945342802119,2.993650088901163e-05,Delinquent credit obligations,Number of satisfactory trades
linkf098__tu,"[2.50, inf)",1444,0.05771844272124071,1124,320,0.22160664819944598,0.27890369459774467,0.004197321881048456,0.0005229713100708875,Delinquent credit obligations,Number of satisfactory trades
linkf098__tu,Special,0,0.0,0,0,0.0,0.0,0.0,0.0,Delinquent credit obligations,Number of satisfactory trades
linkf098__tu,Missing,0,0.0,0,0,0.0,0.0,0.0,0.0,Delinquent credit obligations,Number of satisfactory trades
linkf098__tu,,25018,1.0,18178,6840,0.2734031497321928,,0.004436816415328668,0.0005529078109598991,Delinquent credit obligations,Number of satisfactory trades
linka006__tu,"(-inf, 1.50)",2926,0.11695579182988249,2217,709,0.24231032125768967,0.16263034302206447,0.0029770526699018493,0.0003717220265479432,Excessive Inquiries,"Number of total inquiries in the last 3 years.  
These include checking, credit issuance (credit card, secured card, line of credit, revolving credit, and other credit account originations) , auto, payday, utility, and other credit (installment loan, secured loan, short-term installment loan, insurance, and other non-classified credit)"
linka006__tu,"[1.50, 2.50)",2259,0.09029498760892157,1697,562,0.24878264718902168,0.12769107527841583,0.0014289731735818729,0.00017850039438208716,Excessive Inquiries,"Number of total inquiries in the last 3 years.  
These include checking, credit issuance (credit card, secured card, line of credit, revolving credit, and other credit account originations) , auto, payday, utility, and other credit (installment loan, secured loan, short-term installment loan, insurance, and other non-classified credit)"
linka006__tu,"[2.50, 3.50)",2012,0.08042209609081462,1487,525,0.26093439363817095,0.0636933438064119,0.0003215107826922897,4.0182055888894576e-05,Excessive Inquiries,"Number of total inquiries in the last 3 years.  
These include checking, credit issuance (credit card, secured card, line of credit, revolving credit, and other credit account originations) , auto, payday, utility, and other credit (installment loan, secured loan, short-term installment loan, insurance, and other non-classified credit)"
linka006__tu,"[3.50, 6.50)",4579,0.18302821968182909,3335,1244,0.2716750382179515,0.008716344988479618,1.3878010311604948e-05,1.7347457974435307e-06,Excessive Inquiries,"Number of total inquiries in the last 3 years.  
These include checking, credit issuance (credit card, secured card, line of credit, revolving credit, and other credit account originations) , auto, payday, utility, and other credit (installment loan, secured loan, short-term installment loan, insurance, and other non-classified credit)"
linka006__tu,"[6.50, inf)",13242,0.5292989047885522,9442,3800,0.28696571514876906,-0.06725758467036469,0.0024304521984523193,0.00030374927550755153,Excessive Inquiries,"Number of total inquiries in the last 3 years.  
These include checking, credit issuance (credit card, secured card, line of credit, revolving credit, and other credit account originations) , auto, payday, utility, and other credit (installment loan, secured loan, short-term installment loan, insurance, and other non-classified credit)"
linka006__tu,Special,0,0.0,0,0,0.0,0.0,0.0,0.0,Excessive Inquiries,"Number of total inquiries in the last 3 years.  
These include checking, credit issuance (credit card, secured card, line of credit, revolving credit, and other credit account originations) , auto, payday, utility, and other credit (installment loan, secured loan, short-term installment loan, insurance, and other non-classified credit)"
linka006__tu,Missing,0,0.0,0,0,0.0,0.0,0.0,0.0,Excessive Inquiries,"Number of total inquiries in the last 3 years.  
These include checking, credit issuance (credit card, secured card, line of credit, revolving credit, and other credit account originations) , auto, payday, utility, and other credit (installment loan, secured loan, short-term installment loan, insurance, and other non-classified credit)"
linka006__tu,,25018,1.0,18178,6840,0.2734031497321928,,0.0071718668349399365,0.00089588849812392,Excessive Inquiries,"Number of total inquiries in the last 3 years.  
These include checking, credit issuance (credit card, secured card, line of credit, revolving credit, and other credit account originations) , auto, payday, utility, and other credit (installment loan, secured loan, short-term installment loan, insurance, and other non-classified credit)"
linka003__tu,"(-inf, 0.50)",19318,0.7721640418898393,14110,5208,0.26959312558235843,0.019263520896334874,0.00028528303487161075,3.565982799542955e-05,Excessive Inquiries,"Number of other inquiries in the last 2 years.  
Inquiries that do not fall into the other specified categories (installment loan, secured loan, short-term installment loan, insurance, and other non-classified credit)"
linka003__tu,"[0.50, inf)",5700,0.2278359581101607,4068,1632,0.2863157894736842,-0.06407911841772129,0.0009489794452676051,0.00011860213984395606,Excessive Inquiries,"Number of other inquiries in the last 2 years.  
Inquiries that do not fall into the other specified categories (installment loan, secured loan, short-term installment loan, insurance, and other non-classified credit)"
linka003__tu,Special,0,0.0,0,0,0.0,0.0,0.0,0.0,Excessive Inquiries,"Number of other inquiries in the last 2 years.  
Inquiries that do not fall into the other specified categories (installment loan, secured loan, short-term installment loan, insurance, and other non-classified credit)"
linka003__tu,Missing,0,0.0,0,0,0.0,0.0,0.0,0.0,Excessive Inquiries,"Number of other inquiries in the last 2 years.  
Inquiries that do not fall into the other specified categories (installment loan, secured loan, short-term installment loan, insurance, and other non-classified credit)"
linka003__tu,,25018,1.0,18178,6840,0.2734031497321928,,0.0012342624801392158,0.0001542619678393856,Excessive Inquiries,"Number of other inquiries in the last 2 years.  
Inquiries that do not fall into the other specified categories (installment loan, secured loan, short-term installment loan, insurance, and other non-classified credit)"
int_n_months_open__tu_pmthx,"(-inf, 12.50)",18403,0.7355903749300504,13035,5368,0.2916915720263001,-0.0902416923460353,0.006111143560605211,0.0007636338501390005,Insufficient credit history,Months on file of most recent open auto
int_n_months_open__tu_pmthx,"[12.50, 19.50)",1381,0.055200255815812616,1006,375,0.2715423606082549,0.00938698462715426,4.853637435262867e-06,6.067024519145891e-07,Insufficient credit history,Months on file of most recent open auto
int_n_months_open__tu_pmthx,"[19.50, 29.50)",1920,0.07674474378447518,1457,463,0.24114583333333334,0.16898341204685108,0.0021058329901592564,0.0002629163781189634,Insufficient credit history,Months on file of most recent open auto
int_n_months_open__tu_pmthx,"[29.50, 39.50)",1317,0.05264209768966344,1030,287,0.21791951404707668,0.3004075254019408,0.0044168421800004016,0.0005500385714393772,Insufficient credit history,Months on file of most recent open auto
int_n_months_open__tu_pmthx,"[39.50, inf)",1997,0.0798225277799984,1650,347,0.17376064096144217,0.5817814468856474,0.02329340475389347,0.002871295092546876,Insufficient credit history,Months on file of most recent open auto
int_n_months_open__tu_pmthx,Special,0,0.0,0,0,0.0,0.0,0.0,0.0,Insufficient credit history,Months on file of most recent open auto
int_n_months_open__tu_pmthx,Missing,0,0.0,0,0,0.0,0.0,0.0,0.0,Insufficient credit history,Months on file of most recent open auto
int_n_months_open__tu_pmthx,,25018,1.0,18178,6840,0.2734031497321928,,0.0359320771220936,0.004448490594696132,Insufficient credit history,Months on file of most recent open auto
flt_wtd_avg_open__tu_pmthx,"(-inf, 0.05)",15599,0.6235110720281397,11033,4566,0.2927110712225143,-0.09517110639155446,0.005767502451804892,0.0007206658495241183,Derogatory Payments on Accounts,Average of payment history string of most recent open auto loan
flt_wtd_avg_open__tu_pmthx,"[0.05, 0.81)",3137,0.12538971940203053,2351,786,0.25055785782594836,0.11821491604874346,0.001704644791540848,0.0002129566125894113,Derogatory Payments on Accounts,Average of payment history string of most recent open auto loan
flt_wtd_avg_open__tu_pmthx,"[0.81, inf)",6282,0.2510992085698297,4794,1488,0.23686723973256923,0.19250785953917282,0.008890306081611135,0.0011095754527888219,Derogatory Payments on Accounts,Average of payment history string of most recent open auto loan
flt_wtd_avg_open__tu_pmthx,Special,0,0.0,0,0,0.0,0.0,0.0,0.0,Derogatory Payments on Accounts,Average of payment history string of most recent open auto loan
flt_wtd_avg_open__tu_pmthx,Missing,0,0.0,0,0,0.0,0.0,0.0,0.0,Derogatory Payments on Accounts,Average of payment history string of most recent open auto loan
flt_wtd_avg_open__tu_pmthx,,25018,1.0,18178,6840,0.2734031497321928,,0.016362453324956873,0.0020431979149023514,Derogatory Payments on Accounts,Average of payment history string of most recent open auto loan
flt_wtd_avg_closed__tu_pmthx,"(-inf, 0.12)",14327,0.5726676792709249,10096,4231,0.29531653521323376,-0.10772340600119268,0.006804954148365169,0.0008502082208420945,Derogatory Payments on Accounts,Weighted average of payment history string of most recent closed auto loan
flt_wtd_avg_closed__tu_pmthx,"[0.12, 0.39)",2107,0.0842193620593173,1534,573,0.27195064072140485,0.007323925150342192,4.51001156417729e-06,5.637501855392055e-07,Derogatory Payments on Accounts,Weighted average of payment history string of most recent closed auto loan
flt_wtd_avg_closed__tu_pmthx,"[0.39, 0.81)",2584,0.10328563434327284,1932,652,0.25232198142414863,0.10884211278369083,0.0011929837712085676,0.00014904940659823994,Derogatory Payments on Accounts,Weighted average of payment history string of most recent closed auto loan
flt_wtd_avg_closed__tu_pmthx,"[0.81, inf)",6000,0.23982732432648493,4616,1384,0.23066666666666666,0.22712633194820098,0.01171838883842079,0.001461658218216361,Derogatory Payments on Accounts,Weighted average of payment history string of most recent closed auto loan
flt_wtd_avg_closed__tu_pmthx,Special,0,0.0,0,0,0.0,0.0,0.0,0.0,Derogatory Payments on Accounts,Weighted average of payment history string of most recent closed auto loan
flt_wtd_avg_closed__tu_pmthx,Missing,0,0.0,0,0,0.0,0.0,0.0,0.0,Derogatory Payments on Accounts,Weighted average of payment history string of most recent closed auto loan
flt_wtd_avg_closed__tu_pmthx,,25018,1.0,18178,6840,0.2734031497321928,,0.019720836769558707,0.002461479595842235,Derogatory Payments on Accounts,Weighted average of payment history string of most recent closed auto loan
