bigAccountId,bigDealerId,week_of_month,application_date,dtmFunded,dtmNonAccrual,intterm,open_bk_type,first_pmt_date,paymentsmade,Tier,DebtorState,AmtFinanced,OriginalInterestRate,fltAPRCurrent,MaxFico,intBeaconScore,mnyReserve,mnyDiscount,Early_Pay_Delinquency_15_120,Early_Pay_Delinquency_30_120,Early_Pay_Default_15_120,Early_Pay_Default_30_120,LoanStatus,ChargeOff_Severity,GEN11_ExpectedNetLoss,GEN11_ECNL,GEN12_ExpectedNetLoss,GEN12_ECNL,GEN12_ECNL_mod,DL_ExpectedNetLoss,DL_ECNL,origination_model
7622142,2836,4,44:51.2,00:00.0,NULL,72,13,00:00.0,2,B,KS,25682.66,0.25,0.25,587,585,941.47,3278,1,0,0,0,A,NULL,2462.24798,0.095872,1898.025622,0.073903,0.051137,NULL,NULL,gen11
7794020,939,4,54:06.9,00:00.0,NULL,72,7,00:00.0,NULL,B,WA,13830,0.2524,0.2524,558,532,872.42,505,0,0,0,0,A,NULL,1203.25149,0.087003,1190.12682,0.086054,0.059545,NULL,NULL,gen11
7844199,2947,4,01:16.3,00:00.0,NULL,72,13,00:00.0,NULL,B,GA,22205.86,0.2524,0.2524,669,669,1397.59,539,0,0,0,0,A,NULL,1621.960426,0.073042,2405.094491,0.108309,0.074945,NULL,NULL,gen11
7893285,7480,4,32:15.1,00:00.0,NULL,72,7,00:00.0,1,B,IN,17130.47,0.2324,0.2324,545,529,0,1390,0,0,0,0,A,NULL,2026.329035,0.118288,9035.534923,0.527454,0.223498,NULL,NULL,gen11
7897599,8308,4,29:15.2,00:00.0,NULL,72,NULL,00:00.0,1,B,GA,22284.88,0.2555,0.2555,620,620,726.77,928,0,0,0,0,A,NULL,2632.40145,0.118125,10632.9185,0.477136,0.202176,NULL,NULL,gen11
7909310,4250,4,49:24.2,00:00.0,NULL,72,7,00:00.0,NULL,A,CO,30841.67,0.21,0.21,579,547,84.17,1378,0,0,0,0,A,NULL,4535.329257,0.147052,2498.144428,0.080999,0.056047,NULL,NULL,gen12
7910522,6845,4,50:07.8,00:00.0,NULL,48,NULL,00:00.0,NULL,B,CA,16914.89,0.2424,0.2424,507,507,645.12,500,0,0,0,0,A,NULL,1646.546137,0.097343,3230.388777,0.190979,0.123076,NULL,NULL,gen11
7916574,3171,4,19:19.9,00:00.0,NULL,72,NULL,00:00.0,NULL,B,NC,14276.51,0.2524,0.2524,589,589,900.14,219,0,0,0,0,A,NULL,1291.481648,0.090462,4908.249861,0.343799,0.145678,NULL,NULL,gen11
7919227,1727,4,47:33.3,00:00.0,NULL,66,7,00:00.0,NULL,B,WI,18459,0.2395,0.2395,559,559,368.21,149,0,0,0,0,A,NULL,1572.411456,0.085184,6532.713936,0.353904,0.149959,NULL,NULL,gen11
7921215,8116,4,00:03.6,00:00.0,NULL,72,NULL,00:00.0,NULL,B,CA,24458.64,0.2995,0.2995,528,528,928.87,928,0,0,0,0,A,NULL,4513.352839,0.18453,3985.168508,0.162935,0.105003,NULL,NULL,gen12
7924777,6212,4,14:03.2,00:00.0,NULL,60,NULL,00:00.0,NULL,C,AL,16722.96,0.2674,0.2674,580,580,430.08,1253,0,0,0,0,A,NULL,2596.741229,0.15528,10660.40203,0.637471,0.270115,NULL,NULL,gen11
7926947,8171,4,10:05.1,00:00.0,NULL,72,7,00:00.0,NULL,D,ID,18023,0.2824,0.2824,580,555,589.18,1320,0,0,0,0,A,NULL,3334.363138,0.185006,2492.094279,0.138273,0.095678,NULL,NULL,gen11
7927446,6523,4,37:40.0,00:00.0,NULL,72,NULL,00:00.0,NULL,C,IL,26512.58,0.25,0.25,570,570,0,1754,0,0,0,0,A,NULL,3792.22688,0.143035,21922.8282,0.826884,0.350375,NULL,NULL,gen11
7927574,5702,4,12:54.5,00:00.0,NULL,72,NULL,00:00.0,NULL,D,GA,20009.43,0.2924,0.2924,540,540,662.26,1470,0,0,0,0,A,NULL,3651.100683,0.182469,13548.08491,0.677085,0.286901,NULL,NULL,gen11
7931441,5900,4,59:48.7,00:00.0,NULL,66,7,00:00.0,NULL,B,KY,19563,0.2324,0.2324,536,536,0,1226,0,0,0,0,A,NULL,2285.603979,0.116833,3400.108089,0.173803,0.112007,NULL,NULL,gen11
7934934,8406,4,23:01.3,00:00.0,NULL,72,NULL,00:00.0,NULL,B,VA,21913.3,0.2529,0.2529,537,537,1379.95,928,0,0,0,0,A,NULL,2371.28202,0.108212,2975.059175,0.135765,0.093942,NULL,NULL,gen11
7935144,4229,4,07:19.1,00:00.0,NULL,72,NULL,00:00.0,NULL,B,UT,21949.19,0.2675,0.2675,673,673,988.85,1228,0,0,0,0,A,NULL,2801.111729,0.127618,8321.969541,0.379147,0.160656,NULL,NULL,gen11
7935253,2612,4,23:13.7,00:00.0,NULL,72,NULL,00:00.0,NULL,B,VA,34522.64,0.2645,0.2645,560,560,2207.02,928,0,0,0,0,A,NULL,4233.753002,0.122637,2709.543923,0.078486,0.05058,NULL,NULL,gen11
7935981,3615,4,25:00.5,00:00.0,NULL,72,13,00:00.0,NULL,B,IL,23261.2,0.2324,0.2324,568,568,0,368,0,0,0,0,A,NULL,2474.177538,0.106365,2749.683191,0.118209,0.081795,NULL,NULL,gen11
7938514,3287,4,26:51.5,00:00.0,NULL,72,7,00:00.0,NULL,B,OH,23800.09,0.2424,0.2424,504,504,744.91,1030,0,0,0,0,A,NULL,2393.14665,0.100552,8253.871212,0.3468,0.146949,NULL,NULL,gen11
7943045,3871,4,00:37.3,00:00.0,NULL,72,NULL,00:00.0,NULL,C,NV,21427.84,0.2707,0.2707,526,526,693.5,2138,0,0,0,0,A,NULL,2342.170051,0.109305,3490.680847,0.162904,0.104983,NULL,NULL,gen12
7943081,342,4,09:52.1,00:00.0,NULL,72,NULL,00:00.0,NULL,D,ID,29389.94,0.2824,0.2824,627,565,961.13,1407,0,0,0,0,A,NULL,4998.405876,0.170072,11000.53698,0.374296,0.1586,NULL,NULL,gen11
7943336,6502,4,30:31.0,00:00.0,NULL,72,NULL,00:00.0,NULL,C,TN,21088.58,0.2574,0.2574,537,537,0,1871,0,0,0,0,A,NULL,3412.554016,0.16182,12992.94829,0.616113,0.261065,NULL,NULL,gen11
7943784,3439,4,41:23.3,00:00.0,NULL,66,7,00:00.0,NULL,B,WI,31686.5,0.2424,0.2424,623,571,447.22,928,0,0,0,0,A,NULL,3329.775853,0.105085,6463.919254,0.203996,0.131465,NULL,NULL,gen11
7944606,6502,4,23:39.5,00:00.0,NULL,48,NULL,00:00.0,NULL,B,TN,32143.78,0.256,0.256,605,605,1283.18,928,0,0,0,0,A,NULL,3669.533925,0.11416,16642.34566,0.517747,0.219385,NULL,NULL,gen11
7945394,3439,4,16:30.1,00:00.0,NULL,72,NULL,00:00.0,NULL,B,WI,30601.28,0.2224,0.2224,681,681,0,449,0,0,0,0,A,NULL,2548.260389,0.083273,9826.59123,0.321117,0.136067,NULL,NULL,gen11
7946204,6642,4,38:37.6,00:00.0,NULL,72,NULL,00:00.0,NULL,B,MD,26678.24,0.24,0.24,584,575,633.53,449,0,0,0,0,A,NULL,2041.765742,0.076533,9819.379762,0.368067,0.15596,NULL,NULL,gen11
7946301,2555,4,14:42.0,00:00.0,NULL,72,13,00:00.0,NULL,A,NC,26591.65,0.2024,0.2024,563,563,793.8,631,0,0,0,0,A,NULL,1613.262222,0.060668,2001.659862,0.075274,0.052086,NULL,NULL,gen11
7946338,2649,4,28:55.0,00:00.0,NULL,60,NULL,00:00.0,NULL,B,OH,17519,0.2324,0.2324,602,602,0,149,0,0,0,0,A,NULL,1509.366964,0.086156,3109.762652,0.177508,0.114395,NULL,NULL,gen11
7946662,2254,4,57:21.1,00:00.0,NULL,72,13,00:00.0,NULL,A,KY,27238.8,0.2016,0.2016,676,664,766.08,149,0,0,0,0,A,NULL,1466.237365,0.053829,1432.270582,0.052582,0.033886,NULL,NULL,gen11
7946939,4256,4,57:06.3,00:00.0,NULL,72,NULL,00:00.0,NULL,B,IN,16798.49,0.25,0.25,529,529,0,1009,0,0,0,0,A,NULL,2255.66764,0.134278,2791.89224,0.166199,0.107107,NULL,NULL,gen11
7947088,6461,4,32:52.6,00:00.0,NULL,72,NULL,00:00.0,NULL,C,MI,20580.6,0.25,0.25,614,614,0,2667,0,0,0,0,A,NULL,3275.279006,0.159144,6663.66899,0.323784,0.137197,NULL,NULL,gen11
7947291,3422,4,23:43.4,00:00.0,NULL,72,NULL,00:00.0,NULL,D,IN,16979.75,0.25,0.25,557,557,0,2835,0,0,0,0,A,NULL,3051.498792,0.179714,9182.6488,0.5408,0.229152,NULL,NULL,gen11
7947387,7980,4,44:58.4,00:00.0,NULL,66,NULL,00:00.0,NULL,D,IL,18753.91,0.2824,0.2824,593,577,550.7,1394,0,0,0,0,A,NULL,3514.970336,0.187426,13270.54802,0.707615,0.299837,NULL,NULL,gen11
7950984,7348,4,54:14.1,00:00.0,NULL,72,NULL,00:00.0,NULL,D,GA,23407.58,0.2924,0.2924,597,597,768.6,1455,0,0,0,0,A,NULL,4147.776361,0.177198,11880.93857,0.507568,0.215071,NULL,NULL,gen11
7951321,7207,4,52:10.0,00:00.0,NULL,72,NULL,00:00.0,NULL,C,OR,15944.77,0.2674,0.2674,638,638,514.08,1922,0,0,0,0,A,NULL,2688.128774,0.16859,7869.413675,0.493542,0.209128,NULL,NULL,gen11
7951973,6414,4,13:28.4,00:00.0,NULL,72,7,00:00.0,NULL,B,MD,28446.94,0.24,0.24,577,577,302.9,1228,0,0,0,0,A,NULL,3002.090919,0.105533,3961.862228,0.139272,0.096369,NULL,NULL,gen11
7954554,6641,4,28:02.7,00:00.0,NULL,72,NULL,00:00.0,NULL,B,OH,18942.33,0.25,0.25,558,558,1078.06,693,0,0,0,0,A,NULL,1925.222652,0.101636,8207.749474,0.433302,0.183602,NULL,NULL,gen11
7956801,2687,4,13:28.9,00:00.0,NULL,72,7,00:00.0,NULL,B,IL,23727.38,0.239,0.239,541,541,0,1432,0,0,0,0,A,NULL,3053.429077,0.128688,3018.478647,0.127215,0.088026,NULL,NULL,gen11
7957186,5161,4,57:40.9,00:00.0,NULL,72,7,00:00.0,NULL,C,MI,21129.64,0.25,0.25,548,548,0,2127,0,0,0,0,A,NULL,3219.037265,0.152347,7181.689951,0.339887,0.14402,NULL,NULL,gen11
7957663,6212,4,53:20.6,00:00.0,NULL,66,NULL,00:00.0,NULL,B,AL,16975.21,0.2693,0.2693,412,412,865.79,1228,0,0,0,0,A,NULL,2212.243318,0.130322,1636.087715,0.096381,0.066691,NULL,NULL,gen11
7957981,6642,4,17:24.6,00:00.0,NULL,72,NULL,00:00.0,NULL,B,MD,17777.64,0.24,0.24,520,520,0,1423,0,0,0,0,A,NULL,2309.404324,0.129905,2281.333431,0.128326,0.088795,NULL,NULL,gen11
7959059,5486,4,26:05.7,00:00.0,NULL,72,NULL,00:00.0,NULL,B,MD,17723.94,0.2324,0.2324,597,597,0,449,0,0,0,0,A,NULL,1374.154792,0.077531,2803.945032,0.158201,0.101952,NULL,NULL,gen11
7959069,5375,4,28:57.4,00:00.0,NULL,72,NULL,00:00.0,NULL,C,MD,19375.64,0.2674,0.2674,538,538,642.1,962,0,0,0,0,A,NULL,2754.770368,0.142177,6412.523063,0.330958,0.140236,NULL,NULL,gen11
7959404,2814,4,34:28.7,00:00.0,NULL,72,NULL,00:00.0,NULL,D,AZ,22220.61,0.2924,0.2924,460,449,735.34,1605,0,0,0,0,A,NULL,3921.604356,0.176485,9626.790415,0.433237,0.183575,NULL,NULL,gen11
7959588,6642,4,46:58.2,00:00.0,NULL,72,NULL,00:00.0,NULL,D,MD,25206.34,0.24,0.24,607,607,0,3809,0,0,0,0,A,NULL,4369.695483,0.173357,13437.17217,0.533087,0.225884,NULL,NULL,gen11
7959873,1284,4,41:55.0,00:00.0,NULL,60,NULL,00:00.0,NULL,B,IL,17100.69,0.2524,0.2524,490,490,886.62,287,0,0,0,0,A,NULL,1573.827803,0.092033,1447.026186,0.084618,0.058551,NULL,NULL,gen11
7960819,7418,4,41:24.8,00:00.0,NULL,72,NULL,00:00.0,NULL,B,NC,16009,0.2524,0.2524,616,616,1036.73,449,0,0,0,0,A,NULL,1173.027457,0.073273,1920.43964,0.11996,0.083006,NULL,NULL,gen11
